# This file uses centimeters as units for non-parametric coordinates.

mtllib PEM_Pistol.mtl
g default
v 1.890013 15.853753 -9.426809
v 1.069116 16.503048 -9.426809
v 0.000000 16.650202 -9.426809
v -1.091203 16.436789 -9.426809
v -1.890013 15.853753 -9.426809
v -2.182405 15.057304 -9.426809
v -1.890013 14.260854 -9.426809
v -1.091203 13.677819 -9.426809
v 0.000000 13.464407 -9.426809
v 1.091203 13.677819 -9.426809
v 1.890013 14.260854 -9.426809
v 2.182405 15.057304 -9.426809
v 1.481899 15.933976 2.907470
v 0.833488 16.645050 2.907470
v 0.000000 16.814810 2.907470
v -0.855575 16.578791 2.907470
v -1.481899 15.933976 2.907470
v -1.711150 15.053144 2.907470
v -1.481899 14.172311 2.907470
v -0.855575 13.527496 2.907470
v 0.000000 13.291478 2.907470
v 0.855575 13.527496 2.907470
v 1.481899 14.172311 2.907470
v 1.711150 15.053144 2.907470
v -0.022087 15.123565 -9.661276
v 4.593958 17.788240 -2.254336
v 2.630237 19.853685 -2.254336
v 0.000000 20.519178 -2.254336
v -2.652323 19.787426 -2.254336
v -4.593958 17.788240 -2.254336
v -5.304646 15.057304 -2.254336
v -4.593958 12.326366 -2.254336
v -1.652976 10.160928 -2.369095
v -0.000004 9.885099 -2.243140
v 1.652968 10.160928 -2.369095
v 4.593958 12.326366 -2.254336
v 5.304646 15.057304 -2.254336
v 4.107176 17.661243 -0.831141
v 4.742559 15.057304 -0.831141
v 4.107176 12.453364 -0.831141
v 2.371279 10.547150 -0.831141
v 0.000000 9.849425 -0.831141
v -2.371279 10.547150 -0.831141
v -4.107176 12.453364 -0.831141
v -4.742559 15.057304 -0.831141
v -4.107176 17.661243 -0.831141
v -2.371279 19.567457 -0.831141
v 0.000000 20.265179 -0.831141
v 2.349193 19.633717 -0.831141
v 4.420691 17.508369 -6.256529
v 2.530200 19.368935 -6.256529
v 0.000000 19.959435 -6.256529
v -2.552287 19.302675 -6.256529
v -4.420691 17.508369 -6.256529
v -5.104573 15.057304 -6.256529
v -4.420691 12.606238 -6.256529
v -1.615865 10.264885 -5.788178
v -0.000004 10.034335 -6.212665
v 1.615857 10.264885 -5.788178
v 4.420691 12.606238 -6.256529
v 5.104573 15.057304 -6.256529
v 3.341308 16.986410 -7.693350
v 1.907019 18.464870 -7.693350
v 0.000000 18.915516 -7.693350
v -1.929106 18.398611 -7.693350
v -3.341308 16.986410 -7.693350
v -3.858212 15.057304 -7.693350
v -3.341308 13.128199 -7.693350
v -1.929106 11.715997 -7.693350
v 0.000000 11.199092 -7.693350
v 1.929106 11.715997 -7.693350
v 3.341308 13.128199 -7.693350
v 3.858212 15.057304 -7.693350
v 2.930348 16.493057 -8.743038
v 1.669752 17.610359 -8.743038
v 0.000000 17.928812 -8.743038
v -1.691838 17.544100 -8.743038
v -2.930348 16.493057 -8.743038
v -3.383677 15.057304 -8.743038
v -2.930348 13.621550 -8.743038
v -1.691838 12.570507 -8.743038
v 0.000000 12.185796 -8.743038
v 1.691838 12.570507 -8.743038
v 2.930348 13.621550 -8.743038
v 3.383677 15.057304 -8.743038
v 3.499963 17.299793 0.402286
v 4.041410 15.057304 0.402286
v 3.499963 12.814815 0.402286
v 2.020705 11.173198 0.402286
v 0.000000 10.572324 0.402286
v -2.020705 11.173198 0.402286
v -3.499963 12.814815 0.402286
v -4.041410 15.057304 0.402286
v -3.499963 17.299793 0.402286
v -2.020705 18.941406 0.402286
v 0.000000 19.542284 0.402286
v 1.998618 19.007666 0.402286
v 2.674945 16.710226 1.742402
v 3.088761 15.057304 1.742402
v 2.674945 13.404380 1.742402
v 1.544380 12.194357 1.742402
v 0.000000 11.751457 1.742402
v -1.544380 12.194357 1.742402
v -2.674945 13.404380 1.742402
v -3.088761 15.057304 1.742402
v -2.674945 16.710226 1.742402
v -1.544380 17.920252 1.742402
v 0.000000 18.363152 1.742402
v 1.522294 17.986511 1.742402
v 4.148311 17.608215 -1.370636
v 2.372942 19.541870 -1.370636
v 0.000000 20.159128 -1.370636
v -2.395029 19.475611 -1.370636
v -4.148311 17.608215 -1.370636
v -4.790057 15.057304 -1.370636
v -4.148311 12.506391 -1.370636
v -2.395029 10.638994 -1.370636
v 0.000000 9.955481 -1.370636
v 2.395029 10.638994 -1.370636
v 4.148311 12.506391 -1.370636
v 4.790057 15.057304 -1.370636
v 3.836873 17.489573 -0.637104
v 2.193134 19.336376 -0.637104
v 0.000000 19.921841 -0.637104
v -2.215220 19.270117 -0.637104
v -3.836873 17.489573 -0.637104
v -4.430440 15.057304 -0.637104
v -3.836873 12.625034 -0.637104
v -2.215220 10.844491 -0.637104
v 0.000000 10.192765 -0.637104
v 2.215220 10.844491 -0.637104
v 3.836873 12.625034 -0.637104
v 4.430440 15.057304 -0.637104
v 4.014880 17.447289 -6.824444
v 4.635985 15.057304 -6.824444
v 4.014880 12.667319 -6.824444
v 2.317992 10.917731 -6.824444
v 0.000000 10.277335 -6.824444
v -2.317992 10.917731 -6.824444
v -4.014880 12.667319 -6.824444
v -4.635985 15.057304 -6.824444
v -4.014880 17.447289 -6.824444
v -2.317992 19.196877 -6.824444
v 0.000000 19.837273 -6.824444
v 2.295906 19.263136 -6.824444
v 4.769948 17.827518 -3.407593
v 5.507860 15.057304 -3.407593
v 4.769948 12.287088 -3.407593
v 2.265262 10.182369 -3.192992
v -2.265271 10.182369 -3.192992
v -4.769948 12.287088 -3.407593
v -5.507860 15.057304 -3.407593
v -4.769948 17.827518 -3.407593
v -2.753930 19.855459 -3.407593
v 0.014647 20.649611 -2.934332
v 2.731843 19.921719 -3.407593
v 4.198202 17.676693 -1.114585
v 4.847665 15.057304 -1.114585
v 4.198202 12.437915 -1.114585
v 2.423833 10.520389 -1.114585
v 0.000000 9.818526 -1.114585
v -2.423833 10.520389 -1.114585
v -4.198202 12.437915 -1.114585
v -4.847665 15.057304 -1.114585
v -4.198202 17.676693 -1.114585
v -2.423833 19.594219 -1.114585
v 0.000000 20.296080 -1.114585
v 2.401746 19.660479 -1.114585
v 3.635309 17.212606 -7.537360
v 4.197695 15.057304 -7.537360
v 3.635309 12.902002 -7.537360
v 2.098847 11.324214 -7.537360
v 0.000000 10.746700 -7.537360
v -2.098847 11.324214 -7.537360
v -3.635309 12.902002 -7.537360
v -4.197695 15.057304 -7.537360
v -3.635309 17.212606 -7.537360
v -2.098847 18.790394 -7.537360
v 0.000000 19.367905 -7.537360
v 2.076761 18.856653 -7.537360
v 4.065814 17.504030 -7.357018
v 3.899780 17.422682 -7.550855
v 2.325093 19.360674 -7.353028
v 2.223958 19.211319 -7.551344
v 0.000000 19.949429 -7.350808
v 0.000000 19.773149 -7.551417
v -2.347179 19.294415 -7.353028
v -2.247492 19.147469 -7.551444
v -4.065814 17.504030 -7.357018
v -3.902043 17.423937 -7.550956
v -4.694993 15.057304 -7.358772
v -4.509365 15.057304 -7.550387
v -4.065814 12.610579 -7.357018
v -3.899780 12.691926 -7.550855
v -2.347179 10.820189 -7.353028
v -2.246044 10.969546 -7.551344
v 0.000000 10.165177 -7.350808
v 0.000000 10.341456 -7.551417
v 2.347179 10.820189 -7.353028
v 2.247492 10.967136 -7.551444
v 4.065814 12.610579 -7.357018
v 3.902043 12.690670 -7.550956
v 4.694993 15.057304 -7.358772
v 4.509365 15.057304 -7.550387
v 0.324435 15.243068 11.133150
v 0.187313 15.380191 11.133150
v 0.000001 15.430381 11.133150
v -0.187311 15.380191 11.133150
v -0.324432 15.243068 11.133150
v -0.374623 15.055757 11.133150
v -0.324432 14.868443 11.133150
v -0.187311 14.731322 11.133150
v 0.000001 14.681132 11.133150
v 0.187313 14.731322 11.133150
v 0.324435 14.868443 11.133150
v 0.374625 15.055757 11.133150
v 2.204850 16.426205 2.232303
v 2.545942 15.055554 2.232303
v 2.204850 13.684906 2.232303
v 1.272971 12.681520 2.232303
v 0.000000 12.314255 2.232303
v -1.272971 12.681520 2.232303
v -2.204850 13.684906 2.232303
v -2.545942 15.055554 2.232303
v -2.204850 16.426205 2.232303
v -1.272971 17.429590 2.232303
v 0.000000 17.796854 2.232303
v 1.250884 17.495850 2.232303
v 3.060507 17.018356 1.086189
v 3.533970 15.057304 1.086189
v 3.060507 13.096251 1.086189
v 1.766985 11.660660 1.086189
v 0.000000 11.135198 1.086189
v -1.766985 11.660660 1.086189
v -3.060507 13.096251 1.086189
v -3.533970 15.057304 1.086189
v -3.060507 17.018356 1.086189
v -1.766985 18.453947 1.086189
v 0.000000 18.979412 1.086189
v 1.744898 18.520206 1.086189
v 3.687129 17.483486 -0.203595
v 4.257531 15.057305 -0.203595
v 3.687129 12.631120 -0.203595
v 2.128765 10.855032 -0.203595
v 0.000000 10.204937 -0.203595
v -2.128765 10.855032 -0.203595
v -3.687129 12.631120 -0.203595
v -4.257531 15.057305 -0.203595
v -3.687129 17.483486 -0.203595
v -2.128765 19.259575 -0.203595
v 0.000000 19.909670 -0.203595
v 2.106679 19.325834 -0.203595
v 0.610499 15.415002 11.356931
v 0.352472 15.673029 11.356931
v 0.000000 15.767473 11.356931
v -0.352472 15.673029 11.356931
v -0.610499 15.415002 11.356931
v -0.704944 15.062530 11.356931
v -0.610499 14.710057 11.356931
v -0.352472 14.452030 11.356931
v 0.000000 14.357586 11.356931
v 0.352472 14.452030 11.356931
v 0.610499 14.710057 11.356931
v 0.704944 15.062530 11.356931
v 0.797656 15.523056 11.680362
v 0.460527 15.860186 11.680362
v 0.000000 15.983582 11.680362
v -0.460527 15.860186 11.680362
v -0.797656 15.523056 11.680362
v -0.921053 15.062530 11.680362
v -0.797656 14.602003 11.680362
v -0.460527 14.264874 11.680362
v 0.000000 14.141476 11.680362
v 0.460527 14.264874 11.680362
v 0.797656 14.602003 11.680362
v 0.921053 15.062530 11.680362
v 0.863376 15.561000 12.061874
v 0.498471 15.925906 12.061874
v 0.000000 16.059469 12.061874
v -0.498471 15.925906 12.061874
v -0.863376 15.561000 12.061874
v -0.996941 15.062530 12.061874
v -0.863376 14.564059 12.061874
v -0.498471 14.199153 12.061874
v 0.000000 14.065589 12.061874
v 0.498471 14.199153 12.061874
v 0.863376 14.564059 12.061874
v 0.996941 15.062530 12.061874
v 0.797656 15.523056 12.443387
v 0.460527 15.860186 12.443387
v 0.000000 15.983582 12.443387
v -0.460527 15.860186 12.443387
v -0.797656 15.523056 12.443387
v -0.921053 15.062530 12.443387
v -0.797656 14.602003 12.443387
v -0.460527 14.264874 12.443387
v 0.000000 14.141476 12.443387
v 0.460527 14.264874 12.443387
v 0.797656 14.602003 12.443387
v 0.921053 15.062530 12.443387
v 0.610499 15.415002 12.766818
v 0.352472 15.673029 12.766818
v 0.000000 15.767473 12.766818
v -0.352472 15.673029 12.766818
v -0.610499 15.415002 12.766818
v -0.704944 15.062530 12.766818
v -0.610499 14.710057 12.766818
v -0.352472 14.452030 12.766818
v 0.000000 14.357586 12.766818
v 0.352472 14.452030 12.766818
v 0.610499 14.710057 12.766818
v 0.704944 15.062530 12.766818
v 0.330400 15.253286 12.982928
v 0.190756 15.392929 12.982928
v 0.000000 15.444042 12.982928
v -0.190756 15.392929 12.982928
v -0.330400 15.253286 12.982928
v -0.381513 15.062530 12.982928
v -0.330400 14.871773 12.982928
v -0.190756 14.732130 12.982928
v 0.000000 14.681017 12.982928
v 0.190756 14.732130 12.982928
v 0.330400 14.871773 12.982928
v 0.381513 15.062530 12.982928
v 0.000000 15.062530 13.058815
v 4.773197 17.792635 -4.417952
v 5.511612 15.057305 -4.417952
v 4.773197 12.321972 -4.417952
v 2.555056 10.173502 -4.141828
v -2.555065 10.173502 -4.141828
v -4.773197 12.321972 -4.417952
v -5.511612 15.057305 -4.417952
v -4.773197 17.792635 -4.417952
v -2.755806 19.795038 -4.417952
v 2.733720 19.861298 -4.417952
v 4.586789 17.699759 -5.285648
v 5.296367 15.057305 -5.285648
v 4.586789 12.414850 -5.285648
v 2.235348 10.220490 -5.054550
v -2.235356 10.220490 -5.054550
v -4.586789 12.414850 -5.285648
v -5.296367 15.057305 -5.285648
v -4.586789 17.699759 -5.285648
v -2.648183 19.634171 -5.285648
v 0.014647 20.280790 -5.808590
v 2.626097 19.700430 -5.285648
v -0.484229 16.555498 -9.426809
v -0.750765 17.758093 -8.743038
v -0.856054 18.686136 -7.693350
v -0.931378 19.111631 -7.537360
v -0.997340 19.495501 -7.551429
v -1.041577 19.658762 -7.351793
v -1.028625 19.708939 -6.824444
v -1.132595 19.823839 -6.256529
v -1.084225 20.338039 -5.387406
v -1.457085 20.453993 -4.424099
v -1.049255 20.559557 -3.375204
v -1.176987 20.350304 -2.254336
v -1.062811 20.011660 -1.370636
v -1.075593 19.984625 -1.114585
v -1.052272 19.955561 -0.831141
v -0.983019 19.632635 -0.637104
v -0.944655 19.621185 -0.203595
v -0.896702 19.275640 0.402286
v -0.784112 18.746233 1.086189
v -0.685330 18.166613 1.742402
v -0.564890 17.633879 2.232303
v -0.379667 16.710075 2.907470
v -0.083120 15.408109 11.133150
v -0.156412 15.725562 11.356931
v -0.204362 15.928824 11.680362
v -0.221200 16.000198 12.061874
v -0.204362 15.928824 12.443387
v -0.156412 15.725562 12.766818
v -0.084649 15.421361 12.982928
v 0.397660 16.572430 -9.426809
v 0.616547 17.788614 -8.743038
v 0.703012 18.727144 -7.693350
v 0.764870 19.157446 -7.537360
v 0.818512 19.544258 -7.551390
v 0.855368 19.710726 -7.351617
v 0.844732 19.707794 -6.824444
v 0.930114 19.823992 -6.256529
v 1.022367 20.342310 -5.387889
v 1.428743 20.460253 -4.424806
v 1.017863 20.566565 -3.375996
v 0.966570 20.356407 -2.254336
v 0.872806 20.013935 -1.370636
v 0.883303 20.040304 -1.114585
v 0.864151 20.010912 -0.831141
v 0.807279 19.684336 -0.637104
v 0.775773 19.672760 -0.203595
v 0.736393 19.323309 0.402286
v 0.643932 18.787920 1.086189
v 0.562809 18.201748 1.742402
v 0.463901 17.663015 2.232303
v 0.311792 16.728800 2.907470
v 0.068262 15.412091 11.133150
v 0.128449 15.733056 11.356931
v 0.167827 15.938614 11.680362
v 0.181655 16.010796 12.061874
v 0.167827 15.938614 12.443387
v 0.128449 15.733056 12.766818
v 0.069516 15.425415 12.982928
v 0.173274 24.626923 -4.551134
v 0.000000 24.626923 -4.622907
v -0.173275 24.626923 -4.551134
v -0.245048 24.626923 -4.377859
v -0.173275 24.626923 -4.204583
v 0.000000 24.626923 -4.132811
v 0.173275 24.626923 -4.204583
v 0.245047 24.626923 -4.377859
v 0.315443 24.774782 -4.693511
v 0.000000 24.774782 -4.824172
v -0.315443 24.774782 -4.693511
v -0.446103 24.774782 -4.378068
v -0.315443 24.774782 -4.062626
v 0.000000 24.774782 -3.931965
v 0.315443 24.774782 -4.062626
v 0.446103 24.774782 -4.378068
v 0.412146 24.979456 -4.790214
v 0.000000 24.979456 -4.960930
v -0.412146 24.979456 -4.790214
v -0.582862 24.979456 -4.378068
v -0.412146 24.979456 -3.965923
v 0.000000 24.979456 -3.795206
v 0.412146 24.979456 -3.965923
v 0.582862 24.979456 -4.378068
v 0.446103 25.220886 -4.824172
v 0.000000 25.220886 -5.008954
v -0.446103 25.220886 -4.824172
v -0.630885 25.220886 -4.378068
v -0.446103 25.220886 -3.931965
v 0.000000 25.220886 -3.747183
v 0.446103 25.220886 -3.931965
v 0.630886 25.220886 -4.378068
v 0.412146 25.462317 -4.790214
v 0.000000 25.462317 -4.960930
v -0.412146 25.462317 -4.790214
v -0.582862 25.462317 -4.378068
v -0.412146 25.462317 -3.965923
v 0.000000 25.462317 -3.795206
v 0.412146 25.462317 -3.965923
v 0.582862 25.462317 -4.378068
v 0.315443 25.666990 -4.693511
v 0.000000 25.666990 -4.824172
v -0.315443 25.666990 -4.693511
v -0.446103 25.666990 -4.378068
v -0.315443 25.666990 -4.062626
v 0.000000 25.666990 -3.931965
v 0.315443 25.666990 -4.062626
v 0.446103 25.666990 -4.378068
v 0.170716 25.803749 -4.548785
v 0.000000 25.803749 -4.619498
v -0.170716 25.803749 -4.548785
v -0.241429 25.803749 -4.378068
v -0.170716 25.803749 -4.207352
v 0.000000 25.803749 -4.136639
v 0.170716 25.803749 -4.207352
v 0.241429 25.803749 -4.378068
v 0.000000 25.851772 -4.378068
v -1.548690 13.957952 -9.426809
v -2.405695 13.075504 -8.743038
v -2.744235 12.394522 -7.693350
v -2.986427 12.082298 -7.537360
v -3.201279 11.797103 -7.551109
v -3.340947 11.680422 -7.354945
v -3.299109 11.758361 -6.824444
v -3.720012 11.491085 -6.018678
v -3.838112 11.310863 -5.166722
v -4.040276 11.217632 -4.289878
v -3.973958 11.206074 -3.306964
v -3.724421 11.123413 -2.254336
v -3.409026 11.536228 -1.370636
v -3.450125 11.441708 -1.114585
v -3.375140 11.463034 -0.831141
v -3.152471 11.699994 -0.637104
v -3.029115 11.708393 -0.203595
v -2.874932 11.961950 0.402286
v -2.512917 12.350422 1.086189
v -2.195299 12.775740 1.742402
v -1.808045 13.163620 2.232303
v -1.212493 13.837313 2.907470
v -0.253194 14.797205 11.133150
v -0.476447 14.576006 11.356931
v -0.622508 14.426855 11.680362
v -0.673798 14.374480 12.061874
v -0.622508 14.426855 12.443387
v -0.476447 14.576006 12.766818
v -0.257851 14.799225 12.982928
v 0.867566 1.665807 -5.950910
v 0.500889 1.665807 -6.599646
v 0.000000 1.665807 -6.837099
v -0.500889 1.665807 -6.599646
v -0.867566 1.665807 -5.950910
v -1.001779 1.665807 -5.064721
v -0.867566 1.665807 -4.178533
v -0.500889 1.665807 -3.529797
v 0.000000 1.665807 -3.292343
v 0.500889 1.665807 -3.529797
v 0.867566 1.665807 -4.178533
v 1.001779 1.665807 -5.064721
v 1.335556 2.224658 -6.164721
v 0.771084 2.224658 -7.322935
v 0.000000 2.224658 -7.652534
v -0.771084 2.224658 -7.322935
v -1.335556 2.224658 -6.164721
v -1.542167 2.224658 -5.064721
v -1.335556 2.224658 -3.964721
v -0.771084 2.224658 -3.094830
v 0.000000 2.224658 -2.800086
v 0.771084 2.224658 -3.094830
v 1.335556 2.224658 -3.964721
v 1.542167 2.224658 -5.064721
v 0.000000 1.356897 -5.064721
v 1.710682 3.097238 -6.262499
v 0.987662 3.097238 -7.474863
v 0.000000 3.097238 -7.900373
v -0.987662 3.097238 -7.474863
v -1.710682 3.097238 -6.262499
v -1.975325 3.097238 -5.064721
v -1.710682 3.097238 -3.866943
v -0.987662 3.097238 -2.796203
v 0.000000 3.097238 -2.475259
v 0.987662 3.097238 -2.796203
v 1.710682 3.097238 -3.866943
v 1.975325 3.097238 -5.064721
v 1.723939 4.196042 -6.209264
v 0.995317 4.196042 -7.191289
v 0.000000 4.196042 -7.567679
v -0.995317 4.196042 -7.191289
v -1.723939 4.196042 -6.209264
v -1.990634 4.196042 -5.064721
v -1.723939 4.196042 -3.920178
v -0.995317 4.196042 -3.082314
v 0.000000 4.196042 -2.775635
v 0.995317 4.196042 -3.082314
v 1.723939 4.196042 -3.920178
v 1.990634 4.196042 -5.064721
v 1.399540 5.262528 -6.059487
v 0.808025 5.262528 -6.860060
v 0.000000 5.262528 -7.203155
v -0.808025 5.262528 -6.860060
v -1.399540 5.262528 -6.059487
v -1.616049 5.262528 -5.064721
v -1.399540 5.262528 -4.174521
v -0.808025 5.262528 -3.522849
v 0.000000 5.262528 -3.284321
v 0.808025 5.262528 -3.522849
v 1.399540 5.262528 -4.174521
v 1.616049 5.262528 -5.064721
v 1.452784 6.716827 -5.796663
v 0.838765 6.716827 -6.454141
v 0.000000 6.716827 -6.824541
v -0.838765 6.716827 -6.454141
v -1.452784 6.716827 -5.796663
v -1.677531 6.716827 -5.064721
v -1.452784 6.716827 -4.243239
v -0.838765 6.716827 -3.667688
v 0.000000 6.716827 -3.471565
v 0.838765 6.716827 -3.667688
v 1.452784 6.716827 -4.243239
v 1.677531 6.716827 -5.064721
v 1.558846 8.335314 -5.523805
v 0.900000 8.335314 -6.131066
v 0.000000 8.335314 -6.440478
v -0.900000 8.335314 -6.131066
v -1.558846 8.335314 -5.523805
v -1.860000 8.335314 -4.694270
v -1.558846 8.335314 -3.745350
v -0.935724 8.338950 -2.991755
v 0.935724 8.338950 -2.991755
v 1.558846 8.335314 -3.745350
v 1.860000 8.335314 -4.694270
v 1.674316 9.172438 -5.268932
v 0.966667 9.174498 -5.967915
v 0.000000 9.174498 -6.295661
v -0.966667 9.174498 -5.967915
v -1.674316 9.172438 -5.268932
v -2.040741 9.172438 -4.431034
v -1.674316 9.089165 -3.429974
v -0.692533 8.971384 -2.730227
v 0.000000 9.248958 -2.593319
v 0.692533 8.971384 -2.730227
v 1.674316 9.089165 -3.429974
v 2.040741 9.172438 -4.431034
v 1.948879 9.560553 -5.161669
v 1.125186 9.587321 -5.854721
v 0.000001 9.587321 -6.245313
v -1.125185 9.587321 -5.854721
v -1.948877 9.560553 -5.161669
v -2.250371 9.574709 -4.263313
v -1.948878 9.576769 -3.364959
v -1.125185 9.587321 -2.707316
v 0.000001 9.587321 -2.466603
v 1.125186 9.587321 -2.707316
v 1.948879 9.576769 -3.364959
v 2.250371 9.574709 -4.263313
v 1.499625 7.481360 -5.671506
v 1.731618 7.481360 -4.913687
v 1.499625 7.481360 -4.046430
v 0.666534 7.696840 -3.257828
v 0.000000 7.435846 -3.328398
v -0.666534 7.696840 -3.257828
v -1.499625 7.481360 -4.046430
v -1.731618 7.481360 -4.913687
v -1.499625 7.481360 -5.671506
v -0.865809 7.481360 -6.292689
v 0.000000 7.481360 -6.628522
v 0.865809 7.481360 -6.292689
v 0.000000 8.190765 -2.582074
v 0.707107 8.894172 -2.434520
v 0.678266 8.833148 -2.361145
v 0.608638 8.754451 -2.352508
v 0.000000 9.165432 -2.324048
v 0.000000 9.093344 -2.255178
v 0.000000 8.987936 -2.257419
v -0.707107 8.894172 -2.434520
v -0.678266 8.833148 -2.361145
v -0.608638 8.754451 -2.352508
v -1.000000 8.239292 -2.701226
v -0.959213 8.204979 -2.616973
v -0.860745 8.190765 -2.582074
v -0.707107 7.584412 -2.967933
v -0.678266 7.576809 -2.872801
v -0.608638 7.627081 -2.811640
v 0.000000 7.313152 -3.078406
v 0.000000 7.316613 -2.978768
v 0.000000 7.393596 -2.906730
v 0.707107 7.584412 -2.967933
v 0.678266 7.576809 -2.872801
v 0.608638 7.627081 -2.811640
v 1.000000 8.239292 -2.701227
v 0.959213 8.204979 -2.616973
v 0.860745 8.190765 -2.582074
v 0.707107 8.973446 -2.625380
v 0.000000 9.244706 -2.514906
v -0.707107 8.973446 -2.625380
v -1.000000 8.318566 -2.892085
v -0.707107 7.663686 -3.158792
v 0.000000 7.392426 -3.269266
v 0.707107 7.663686 -3.158792
v 1.000000 8.318566 -2.892085
v 2.919641 16.303732 2.704120
v 2.234597 17.328979 2.704120
v 1.209356 18.014019 2.704120
v 0.000002 18.254574 2.704120
v -1.209354 18.014019 2.704120
v -2.234595 17.328979 2.704120
v -2.919640 16.303734 2.704120
v -3.160198 15.094379 2.704120
v -2.919641 13.885025 2.704120
v -2.234596 12.859785 2.704120
v -1.209355 12.174738 2.704120
v -0.000000 11.934183 2.704120
v 1.209354 12.174738 2.704120
v 2.234596 12.859785 2.704120
v 2.919641 13.885024 2.704120
v 3.160198 15.094378 2.704120
v 4.431304 16.929890 4.311266
v 4.672572 17.029818 4.171706
v 4.781994 17.075142 3.829170
v 3.391576 18.485949 4.311266
v 3.576234 18.670607 4.171706
v 3.659981 18.754354 3.829170
v 1.835508 19.525681 4.311266
v 1.935445 19.766947 4.171706
v 1.980770 19.876369 3.829170
v 0.000002 19.890797 4.311266
v 0.000003 20.151932 4.171706
v 0.000003 20.270370 3.829170
v -1.835504 19.525681 4.311266
v -1.935440 19.766949 4.171706
v -1.980764 19.876371 3.829170
v -3.391571 18.485952 4.311266
v -3.576229 18.670624 4.171706
v -3.659979 18.754358 3.829170
v -4.431303 16.929890 4.311266
v -4.672570 17.029821 4.171706
v -4.781992 17.075146 3.829170
v -4.796407 15.094380 4.311266
v -5.057555 15.094380 4.171706
v -5.175992 15.094380 3.829170
v -4.431303 13.258879 4.311266
v -4.672571 13.158937 4.171706
v -4.781994 13.113613 3.829170
v -3.391575 11.702807 4.311266
v -3.576234 11.518148 4.171706
v -3.659980 11.434401 3.829170
v -1.835508 10.663075 4.311266
v -1.935443 10.421808 4.171706
v -1.980768 10.312386 3.829170
v -0.000001 10.297972 4.311266
v -0.000001 10.036824 4.171706
v -0.000001 9.918386 3.829170
v 1.835505 10.663075 4.311266
v 1.935442 10.421808 4.171706
v 1.980766 10.312386 3.829170
v 3.391572 11.702806 4.311266
v 3.576231 11.518147 4.171706
v 3.659979 11.434399 3.829170
v 4.431303 13.258879 4.311266
v 4.672571 13.158937 4.171706
v 4.781993 13.113612 3.829170
v 4.796407 15.094378 4.311266
v 5.057555 15.094378 4.171706
v 5.175992 15.094378 3.829170
v 4.807375 17.085655 1.579066
v 4.705174 17.043324 1.237466
v 4.467993 16.945082 1.096969
v 3.679405 18.773779 1.579065
v 3.601184 18.695557 1.237466
v 3.419656 18.514029 1.096969
v 1.991281 19.901749 1.579066
v 1.948947 19.799547 1.237466
v 1.850705 19.562370 1.096969
v 0.000003 20.297840 1.579065
v 0.000003 20.187218 1.237466
v 0.000003 19.930498 1.096969
v -1.991276 19.901749 1.579065
v -1.948944 19.799547 1.237466
v -1.850701 19.562370 1.096969
v -3.679400 18.773783 1.579065
v -3.601179 18.695560 1.237466
v -3.419652 18.514032 1.096969
v -4.807373 17.085659 1.579066
v -4.705169 17.043325 1.237466
v -4.467991 16.945084 1.096969
v -5.203462 15.094380 1.579066
v -5.092843 15.094380 1.237466
v -4.836120 15.094380 1.096969
v -4.807374 13.103103 1.579066
v -4.705171 13.145435 1.237466
v -4.467993 13.243677 1.096969
v -3.679404 11.414979 1.579065
v -3.601183 11.493200 1.237466
v -3.419654 11.674728 1.096969
v -1.991279 10.287008 1.579065
v -1.948946 10.389210 1.237466
v -1.850705 10.626388 1.096969
v -0.000001 9.890919 1.579065
v -0.000001 10.001540 1.237466
v -0.000001 10.258260 1.096969
v 1.991277 10.287008 1.579065
v 1.948944 10.389210 1.237466
v 1.850702 10.626388 1.096969
v 3.679402 11.414978 1.579065
v 3.601181 11.493199 1.237466
v 3.419653 11.674728 1.096969
v 4.807374 13.103101 1.579066
v 4.705170 13.145433 1.237466
v 4.467992 13.243677 1.096969
v 5.203462 15.094378 1.579066
v 5.092843 15.094378 1.237466
v 4.836120 15.094378 1.096969
v 2.940264 16.312273 3.829171
v 3.043083 16.354862 4.170849
v 3.280606 16.453247 4.311266
v 2.250382 17.344757 3.829170
v 2.329076 17.423450 4.170849
v 2.510868 17.605249 4.311266
v 1.217898 18.034641 3.829171
v 1.260487 18.137457 4.170849
v 1.358872 18.374981 4.311266
v 0.000002 18.276894 3.829171
v 0.000002 18.388184 4.170849
v 0.000002 18.645277 4.311266
v -1.217895 18.034641 3.829171
v -1.260484 18.137459 4.170849
v -1.358869 18.374983 4.311266
v -2.250378 17.344761 3.829171
v -2.329072 17.423454 4.170849
v -2.510865 17.605251 4.311266
v -2.940262 16.312277 3.829171
v -3.043080 16.354866 4.170849
v -3.280604 16.453251 4.311266
v -3.182518 15.094379 3.829171
v -3.293807 15.094379 4.170849
v -3.550901 15.094379 4.311266
v -2.940264 13.876483 3.829171
v -3.043083 13.833894 4.170849
v -3.280606 13.735513 4.311266
v -2.250381 12.844000 3.829172
v -2.329076 12.765306 4.170849
v -2.510867 12.583513 4.311266
v -1.217898 12.154117 3.829171
v -1.260486 12.051298 4.170849
v -1.358872 11.813774 4.311266
v -0.000000 11.911861 3.829171
v -0.000000 11.800571 4.170849
v -0.000000 11.543478 4.311266
v 1.217896 12.154117 3.829171
v 1.260485 12.051298 4.170849
v 1.358870 11.813774 4.311266
v 2.250379 12.844000 3.829171
v 2.329073 12.765306 4.170849
v 2.510865 12.583513 4.311266
v 2.940264 13.876482 3.829171
v 3.043082 13.833893 4.170849
v 3.280606 13.735512 4.311266
v 3.182518 15.094378 3.829171
v 3.293807 15.094378 4.170849
v 3.550901 15.094378 4.311266
v 2.940264 16.312273 1.579065
v 3.043083 16.354862 1.237386
v 3.280606 16.453247 1.096969
v 2.250381 17.344757 1.579066
v 2.329076 17.423450 1.237387
v 2.510869 17.605246 1.096969
v 1.217898 18.034641 1.579065
v 1.260487 18.137459 1.237387
v 1.358872 18.374983 1.096969
v 0.000002 18.276894 1.579065
v 0.000002 18.388184 1.237386
v 0.000002 18.645283 1.096969
v -1.217895 18.034641 1.579065
v -1.260484 18.137459 1.237387
v -1.358869 18.374983 1.096969
v -2.250378 17.344759 1.579066
v -2.329072 17.423452 1.237387
v -2.510865 17.605249 1.096969
v -2.940261 16.312277 1.579065
v -3.043080 16.354866 1.237387
v -3.280604 16.453251 1.096969
v -3.182518 15.094379 1.579065
v -3.293807 15.094379 1.237387
v -3.550901 15.094379 1.096969
v -2.940263 13.876483 1.579065
v -3.043082 13.833894 1.237386
v -3.280606 13.735511 1.096969
v -2.250379 12.844001 1.579065
v -2.329073 12.765306 1.237387
v -2.510866 12.583513 1.096969
v -1.217898 12.154117 1.579065
v -1.260486 12.051298 1.237387
v -1.358872 11.813775 1.096969
v -0.000000 11.911862 1.579065
v -0.000001 11.800572 1.237387
v -0.000001 11.543478 1.096969
v 1.217896 12.154117 1.579065
v 1.260485 12.051298 1.237387
v 1.358870 11.813774 1.096969
v 2.250379 12.844000 1.579065
v 2.329073 12.765306 1.237386
v 2.510865 12.583513 1.096969
v 2.940262 13.876482 1.579065
v 3.043080 13.833893 1.237387
v 3.280605 13.735509 1.096969
v 3.182518 15.094378 1.579065
v 3.293807 15.094378 1.237387
v 3.550901 15.094378 1.096969
v 2.004998 16.680584 6.134645
v 0.765841 17.580883 6.134645
v -0.765841 17.580883 6.134645
v -2.004998 16.680582 6.134645
v -2.478314 15.223866 6.134645
v -2.004998 13.767150 6.134645
v -0.765841 12.866850 6.134645
v 0.765841 12.866850 6.134645
v 2.004998 13.767150 6.134645
v 2.478314 15.223866 6.134645
v 2.255623 16.862673 6.671216
v 0.861571 17.875511 6.671216
v -0.861572 17.875511 6.671216
v -2.255623 16.862673 6.671216
v -2.788103 15.223866 6.671216
v -2.255623 13.585060 6.671216
v -0.861571 12.572223 6.671216
v 0.861571 12.572223 6.671216
v 2.255623 13.585061 6.671216
v 2.788103 15.223866 6.671216
v 2.756872 17.226852 6.671216
v 1.053031 18.464766 6.671216
v -1.053032 18.464764 6.671216
v -2.756873 17.226851 6.671216
v -3.407682 15.223866 6.671216
v -2.756872 13.220881 6.671216
v -1.053031 11.982968 6.671216
v 1.053032 11.982968 6.671216
v 2.756872 13.220881 6.671216
v 3.407681 15.223866 6.671216
v 3.007497 17.335241 6.407800
v 1.148761 18.640676 6.407800
v -1.148762 18.640676 6.407800
v -3.007497 17.335241 6.407800
v -3.717471 15.223001 6.407800
v -3.007497 13.110763 6.407800
v -1.148762 11.805328 6.407800
v 1.148762 11.805328 6.407800
v 3.007497 13.110763 6.407800
v 3.717470 15.223001 6.407800
v 2.756872 17.226852 5.598075
v 1.053031 18.464764 5.598075
v -1.053032 18.464764 5.598075
v -2.756873 17.226851 5.598075
v -3.407682 15.223866 5.598075
v -2.756872 13.220881 5.598075
v -1.053031 11.982969 5.598075
v 1.053032 11.982969 5.598075
v 2.756872 13.220881 5.598075
v 3.407681 15.223866 5.598075
v 2.255623 16.862673 5.598075
v 0.861571 17.875511 5.598075
v -0.861572 17.875509 5.598075
v -2.255623 16.862673 5.598075
v -2.788103 15.223866 5.598075
v -2.255623 13.585060 5.598075
v -0.861571 12.572223 5.598075
v 0.861571 12.572224 5.598075
v 2.255622 13.585061 5.598075
v 2.788103 15.223866 5.598075
v 1.499530 16.313339 7.847084
v 0.572770 16.986671 7.847084
v -0.572770 16.986670 7.847084
v -1.499531 16.313339 7.847084
v -1.853522 15.223866 7.847084
v -1.499530 14.134394 7.847084
v -0.572770 13.461062 7.847084
v 0.572770 13.461062 7.847084
v 1.499530 14.134394 7.847084
v 1.853521 15.223866 7.847084
v 1.686972 16.449524 8.248384
v 0.644366 17.207022 8.248384
v -0.644366 17.207022 8.248384
v -1.686972 16.449524 8.248384
v -2.085212 15.223866 8.248384
v -1.686972 13.998210 8.248384
v -0.644366 13.240712 8.248384
v 0.644366 13.240712 8.248384
v 1.686972 13.998210 8.248384
v 2.085212 15.223866 8.248384
v 2.061855 16.721891 8.248384
v 0.787558 17.647722 8.248384
v -0.787559 17.647722 8.248384
v -2.061855 16.721891 8.248384
v -2.548593 15.223866 8.248384
v -2.061855 13.725842 8.248384
v -0.787558 12.800011 8.248384
v 0.787558 12.800011 8.248384
v 2.061854 13.725842 8.248384
v 2.548592 15.223866 8.248384
v 2.249296 16.821472 8.057298
v 0.859154 17.809025 8.057298
v -0.859155 17.809025 8.057298
v -2.249296 16.821472 8.057298
v -2.780282 15.223578 8.057298
v -2.249296 13.625685 8.057298
v -0.859154 12.638132 8.057298
v 0.859155 12.638132 8.057298
v 2.249295 13.625685 8.057298
v 2.780282 15.223578 8.057298
v 2.061854 16.721891 7.445785
v 0.787558 17.647722 7.445785
v -0.787559 17.647722 7.445785
v -2.061855 16.721891 7.445785
v -2.548592 15.223866 7.445785
v -2.061854 13.725842 7.445785
v -0.787558 12.800012 7.445785
v 0.787558 12.800012 7.445785
v 2.061854 13.725842 7.445785
v 2.548592 15.223866 7.445785
v 1.686972 16.449524 7.445785
v 0.644366 17.207022 7.445785
v -0.644366 17.207020 7.445785
v -1.686972 16.449524 7.445785
v -2.085212 15.223866 7.445785
v -1.686972 13.998210 7.445785
v -0.644366 13.240712 7.445785
v 0.644366 13.240712 7.445785
v 1.686972 13.998210 7.445785
v 2.085212 15.223866 7.445785
v 1.013504 15.960220 9.397574
v 0.387124 16.415312 9.397574
v -0.387124 16.443087 9.397574
v -1.013504 15.960220 9.397574
v -1.252760 15.223866 9.397574
v -1.013504 14.487513 9.397574
v -0.387124 14.032421 9.397574
v 0.387124 14.032421 9.397574
v 1.013504 14.487513 9.397574
v 1.252760 15.223866 9.397574
v 1.140192 16.052265 9.668805
v 0.435514 16.564243 9.668805
v -0.435515 16.592018 9.668805
v -1.140192 16.052265 9.668805
v -1.409355 15.223866 9.668805
v -1.140192 14.395469 9.668805
v -0.435515 13.883491 9.668805
v 0.435515 13.883491 9.668805
v 1.140192 14.395469 9.668805
v 1.409355 15.223866 9.668805
v 1.393568 16.236353 9.668805
v 0.532295 16.862104 9.668805
v -0.532296 16.889879 9.668805
v -1.393568 16.236353 9.668805
v -1.722545 15.223866 9.668805
v -1.393568 14.211380 9.668805
v -0.532296 13.585629 9.668805
v 0.532296 13.585629 9.668805
v 1.393568 14.211380 9.668805
v 1.722545 15.223866 9.668805
v 1.520256 16.291321 9.504560
v 0.580686 16.950863 9.504560
v -0.580686 16.977699 9.504560
v -1.520256 16.291321 9.504560
v -1.879140 15.224151 9.504560
v -1.520256 14.156984 9.504560
v -0.580686 13.497438 9.504560
v 0.580686 13.497438 9.504560
v 1.520256 14.156984 9.504560
v 1.879140 15.224151 9.504560
v 1.393568 16.236353 9.126344
v 0.532295 16.862104 9.126344
v -0.532296 16.889879 9.126344
v -1.393568 16.236353 9.126344
v -1.722545 15.223866 9.126344
v -1.393568 14.211380 9.126344
v -0.532295 13.585629 9.126344
v 0.532296 13.585629 9.126344
v 1.393568 14.211380 9.126344
v 1.722545 15.223866 9.126344
v 1.140192 16.052265 9.126344
v 0.435514 16.564243 9.126344
v -0.435515 16.592018 9.126344
v -1.140192 16.052265 9.126344
v -1.409355 15.223866 9.126344
v -1.140192 14.395469 9.126344
v -0.435514 13.883491 9.126344
v 0.435515 13.883491 9.126344
v 1.140192 14.395469 9.126344
v 1.409355 15.223866 9.126344
v 2.355447 15.973361 6.134645
v 2.636904 16.060558 5.598075
v 3.199816 16.234957 5.598075
v 3.481273 16.284681 6.407800
v 3.199817 16.234957 6.671216
v 2.636904 16.060558 6.671216
v 1.446973 17.246367 6.134645
v 1.618113 17.486206 5.598075
v 1.960395 17.965881 5.598075
v 2.131536 18.105461 6.407800
v 1.960395 17.965883 6.671216
v 1.618114 17.486206 6.671216
v -0.046926 17.762526 6.134645
v -0.052792 18.057154 5.598075
v -0.064524 18.646406 5.598075
v -0.070390 18.816263 6.407800
v -0.064524 18.646406 6.671216
v -0.052792 18.057154 6.671216
v -1.441775 17.290283 6.134645
v -1.618753 17.525881 5.598075
v -1.972710 17.997074 5.598075
v -2.149688 18.131514 6.407800
v -1.972710 17.997074 6.671216
v -1.618754 17.525881 6.671216
v -2.348308 15.969384 6.134645
v -2.628871 16.059332 5.598075
v -3.190000 16.239223 5.598075
v -3.470563 16.291462 6.407800
v -3.190000 16.239223 6.671216
v -2.628871 16.059332 6.671216
v 2.421386 14.437722 6.134645
v 2.701353 14.345942 5.598075
v 3.261289 14.162380 5.598075
v 3.541257 14.108177 6.407800
v 3.261289 14.162380 6.671216
v 2.701354 14.345942 6.671216
v 1.490276 13.213974 6.134645
v 1.663586 12.975714 5.598075
v 2.010206 12.499189 5.598075
v 2.183516 12.358827 6.407800
v 2.010206 12.499188 6.671216
v 1.663586 12.975713 6.671216
v 0.000504 12.633309 6.134645
v 0.000567 12.338683 5.598075
v 0.000693 11.749429 5.598075
v 0.000756 11.579572 6.407800
v 0.000693 11.749428 6.671216
v 0.000567 12.338682 6.671216
v -1.470781 13.162105 6.134645
v -1.635167 12.917358 5.598075
v -1.963939 12.427868 5.598075
v -2.128325 12.283616 6.407800
v -1.963939 12.427868 6.671216
v -1.635167 12.917358 6.671216
v -2.415883 14.472685 6.134645
v -2.695163 14.378786 5.598075
v -3.253723 14.190990 5.598075
v -3.533003 14.133788 6.407800
v -3.253723 14.190990 6.671216
v -2.695163 14.378786 6.671216
v -0.018369 17.168314 7.847084
v -0.020665 17.388662 7.445785
v -0.025257 17.829365 7.445785
v -0.027553 17.986629 8.057298
v -0.025257 17.829365 8.248384
v -0.020665 17.388664 8.248384
v 1.150115 16.727560 7.847084
v 1.284148 16.902548 7.445785
v 1.552215 17.252522 7.445785
v 1.686249 17.378252 8.057298
v 1.552215 17.252522 8.248384
v 1.284148 16.902548 8.248384
v 1.733828 15.883732 7.847084
v 1.940825 15.959728 7.445786
v 2.354821 16.111719 7.445785
v 2.561819 16.166008 8.057298
v 2.354821 16.111719 8.248384
v 1.940826 15.959728 8.248384
v -1.119234 16.761753 7.847084
v -1.242920 16.944258 7.445785
v -1.490292 17.309269 7.445785
v -1.613978 17.441086 8.057298
v -1.490292 17.309269 8.248384
v -1.242920 16.944258 8.248384
v -1.804438 15.774246 7.847084
v -2.013774 15.843042 7.445785
v -2.432448 15.980637 7.445785
v -2.641784 16.030800 8.057298
v -2.432448 15.980637 8.248384
v -2.013774 15.843042 8.248384
v -1.855564 14.619214 7.847084
v -2.064804 14.550119 7.445785
v -2.483284 14.411931 7.445785
v -2.692524 14.362125 8.057298
v -2.483284 14.411931 8.248384
v -2.064804 14.550119 8.248384
v -1.156938 13.654379 7.847084
v -1.288581 13.477655 7.445785
v -1.551866 13.124207 7.445785
v -1.683509 12.997780 8.057298
v -1.551867 13.124207 8.248384
v -1.288581 13.477655 8.248384
v 0.000504 13.253470 7.847084
v 0.000567 13.033120 7.445785
v 0.000693 12.592420 7.445785
v 0.000756 12.435153 8.057298
v 0.000693 12.592419 8.248384
v 0.000567 13.033120 8.248384
v 1.188083 13.710052 7.847084
v 1.320375 13.533800 7.445785
v 1.584959 13.181295 7.445785
v 1.717251 13.054062 8.057298
v 1.584959 13.181295 8.248384
v 1.320375 13.533800 8.248384
v 1.809082 14.635884 7.847084
v 2.018999 14.568873 7.445785
v 2.438833 14.434852 7.445785
v 2.648750 14.386576 8.057298
v 2.438833 14.434852 8.248384
v 2.018999 14.568873 8.248384
v 0.023681 16.529345 9.397574
v 0.026641 16.678276 9.126344
v 0.032561 16.976137 9.126344
v 0.035522 17.061039 9.504560
v 0.032561 16.976137 9.668805
v 0.026641 16.678276 9.668805
v 0.746717 16.224802 9.397574
v 0.836813 16.343433 9.126344
v 1.017005 16.580692 9.126344
v 1.107102 16.649694 9.504560
v 1.017006 16.580692 9.668805
v 0.836814 16.343433 9.668805
v 1.196733 15.635887 9.397574
v 1.336594 15.687390 9.126344
v 1.616315 15.790396 9.126344
v 1.756176 15.821277 9.504560
v 1.616315 15.790396 9.668805
v 1.336594 15.687390 9.668805
v -0.819488 16.254440 9.397574
v -0.908949 16.373531 9.126344
v -1.087872 16.611713 9.126344
v -1.177334 16.680115 9.504560
v -1.087872 16.611713 9.668805
v -0.908949 16.373531 9.668805
v -1.258753 15.604737 9.397574
v -1.399878 15.652347 9.126344
v -1.682130 15.747563 9.126344
v -1.823256 15.776132 9.504560
v -1.682131 15.747563 9.668806
v -1.399879 15.652347 9.668806
v -1.207283 14.827460 9.397574
v -1.347778 14.777910 9.126344
v -1.628768 14.678808 9.126344
v -1.769263 14.649656 9.504560
v -1.628768 14.678808 9.668805
v -1.347778 14.777910 9.668805
v -0.717011 14.172393 9.397574
v -0.801430 14.049639 9.126344
v -0.970267 13.804130 9.126344
v -1.054686 13.733837 9.504560
v -0.970267 13.804129 9.668805
v -0.801430 14.049639 9.668805
v 0.003061 13.935210 9.397574
v 0.003444 13.786280 9.126344
v 0.004209 13.488419 9.126344
v 0.004592 13.403516 9.504560
v 0.004209 13.488418 9.668805
v 0.003444 13.786280 9.668805
v 1.475683 13.896042 -9.426809
v 2.283404 12.963898 -8.743038
v 2.602475 12.244565 -7.693350
v 2.830739 11.914759 -7.537360
v 3.034297 11.612231 -7.551261
v 3.164841 11.490308 -7.354522
v 3.125440 11.572578 -6.824444
v 3.252528 11.207024 -5.967031
v 3.505407 11.067037 -5.141786
v 3.742761 10.985347 -4.255174
v 3.615411 10.978225 -3.280374
v 3.280538 10.920759 -2.287392
v 3.229037 11.337934 -1.370636
v 3.267772 11.238092 -1.114585
v 3.197099 11.260620 -0.831141
v 2.987235 11.510924 -0.637104
v 2.870973 11.519797 -0.203595
v 2.725656 11.787632 0.402286
v 2.384460 12.197982 1.086189
v 2.085107 12.647252 1.742402
v 1.720123 13.057074 2.232303
v 1.158820 13.768842 2.907470
v 0.238636 14.782644 11.133150
v 0.449048 14.548607 11.356930
v 0.586709 14.391058 11.680363
v 0.635050 14.335732 12.061874
v 0.586709 14.391058 12.443388
v 0.449048 14.548607 12.766818
v 0.243023 14.784397 12.982928
v 1.218076 14.817938 9.397574
v 1.358184 14.767197 9.126344
v 1.638401 14.665714 9.126344
v 1.778509 14.635855 9.504560
v 1.638401 14.665714 9.668805
v 1.358184 14.767197 9.668805
v 0.796207 14.195866 9.397574
v 0.887053 14.077781 9.126344
v 1.068746 13.841612 9.126344
v 1.159593 13.774564 9.504560
v 1.068746 13.841611 9.668805
v 0.887054 14.077781 9.668805
v 2.880517 17.337088 5.862791
v 2.044827 18.112000 5.862792
v 1.100260 18.642977 5.862791
v -0.067418 18.826366 5.862792
v -1.100260 18.642977 5.862791
v -2.060022 18.141382 5.862792
v -2.880518 17.337088 5.862791
v -3.328416 16.294054 5.862792
v -3.560516 15.224116 5.862791
v -3.391506 14.134524 5.862792
v -2.880517 13.111145 5.862791
v -2.045039 12.279286 5.862792
v -1.100260 11.805258 5.862791
v 0.000724 11.569468 5.862792
v 1.100260 11.805258 5.862791
v 2.095709 12.354524 5.862792
v 2.880517 13.111145 5.862791
v 3.399411 14.106693 5.862792
v 3.560515 15.224116 5.862791
v 3.338673 16.288378 5.862792
v 2.136722 16.809526 7.670503
v 1.605751 17.367252 7.670503
v 0.816155 17.789349 7.670503
v -0.026174 17.974848 7.670503
v -0.816155 17.789349 7.670503
v -1.539694 17.428270 7.670503
v -2.136722 16.809526 7.670503
v -2.516060 16.025043 7.670503
v -2.641134 15.224141 7.670503
v -2.566858 14.366781 7.670503
v -2.136722 13.638758 7.670503
v -1.604447 13.007812 7.670503
v -0.816155 12.658937 7.670503
v 0.000718 12.446936 7.670503
v 0.816155 12.658937 7.670503
v 1.637799 13.066304 7.670503
v 2.136722 13.638758 7.670503
v 2.522678 14.391040 7.670503
v 2.641133 15.224141 7.670503
v 2.437500 16.161848 7.670503
v 1.448237 16.289396 9.280867
v 1.055885 16.649803 9.280867
v 0.553177 16.948000 9.280867
v 0.033839 17.063601 9.280867
v -0.553178 16.976156 9.280867
v -1.126477 16.681448 9.280867
v -1.448238 16.289396 9.280867
v -1.743030 15.774942 9.280867
v -1.790120 15.223751 9.280867
v -1.689396 14.650076 9.280867
v -1.448237 14.158107 9.280867
v -1.006696 13.732164 9.280867
v -0.553177 13.499503 9.280867
v 0.004375 13.400955 9.280867
v 0.553177 13.499503 9.280867
v 1.107949 13.772153 9.280867
v 1.448237 14.158107 9.280867
v 1.698861 14.636293 9.280867
v 1.790120 15.223751 9.280867
v 1.676669 15.820024 9.280867
v 2.213006 14.615186 -9.426809
v 3.333866 14.295759 -8.743038
v 3.776635 14.049257 -7.693350
v 4.093393 13.936239 -7.537360
v 4.382611 13.830647 -7.550672
v 4.557318 13.790629 -7.357896
v 4.502345 13.818980 -6.824445
v 4.939567 13.788461 -6.256529
v 5.118521 13.692836 -5.285648
v 5.319358 13.646428 -4.417952
v 5.315857 13.628999 -3.407593
v 5.126246 13.648623 -2.254336
v 4.646103 13.738572 -1.370636
v 4.699856 13.704358 -1.114585
v 4.601784 13.712078 -0.831141
v 4.310559 13.797853 -0.637104
v 4.149224 13.800894 -0.203595
v 3.947571 13.892676 0.402286
v 3.474099 14.033296 1.086189
v 3.058692 14.187251 1.742402
v 2.552210 14.326540 2.232303
v 1.773299 14.568864 2.907470
v 0.349548 14.962166 11.133150
v 0.657755 14.886417 11.356931
v 0.859398 14.832428 11.680362
v 0.930206 14.813470 12.061874
v 0.859398 14.832428 12.443387
v 0.657755 14.886417 12.766818
v 0.355974 14.967218 12.982928
v 2.187554 15.464413 -9.426809
v 3.306562 15.791197 -8.743038
v 3.748600 16.043377 -7.693350
v 4.064835 16.158998 -7.537360
v 4.352379 16.266378 -7.550626
v 4.527992 16.307961 -7.357876
v 4.473111 16.278957 -6.824444
v 4.909611 16.310179 -6.256529
v 5.088269 16.408009 -5.285648
v 5.288774 16.455482 -4.417952
v 5.285279 16.473312 -3.407593
v 5.095982 16.453236 -2.254336
v 4.616632 16.361216 -1.370636
v 4.670296 16.396217 -1.114585
v 4.572387 16.388321 -0.831141
v 4.281642 16.300570 -0.637104
v 4.120574 16.297459 -0.203595
v 3.919253 16.203564 0.402286
v 3.446564 16.059706 1.086189
v 3.031844 15.902203 1.742402
v 2.526198 15.756168 2.232303
v 1.748574 15.503386 2.907470
v 0.348970 15.151502 11.133150
v 0.656668 15.242698 11.356931
v 0.857978 15.297930 11.680362
v 0.928669 15.317326 12.061874
v 0.857978 15.297930 12.443387
v 0.656668 15.242698 12.766818
v 0.355386 15.160036 12.982928
v 1.592770 16.239655 -9.426809
v 2.408703 17.117807 -8.743038
v 2.731019 17.795481 -7.693350
v 2.961603 18.106184 -7.537360
v 3.166223 18.390051 -7.551105
v 3.299136 18.506105 -7.354982
v 3.259300 18.428545 -6.824445
v 3.577577 18.512447 -6.256529
v 3.707848 18.775339 -5.285648
v 3.854047 18.902918 -4.417952
v 3.851498 18.950834 -3.407593
v 3.713471 18.896879 -2.254336
v 3.363950 18.649595 -1.370636
v 3.403079 18.743658 -1.114585
v 3.331688 18.722433 -0.831141
v 3.119689 18.486628 -0.637104
v 3.002245 18.478266 -0.203595
v 2.855451 18.225945 0.402286
v 2.510787 17.839363 1.086189
v 2.208390 17.416115 1.742402
v 1.839695 17.026632 2.232303
v 1.272686 16.351406 2.907470
v 0.254455 15.313049 11.133150
v 0.478814 15.546687 11.356931
v 0.625601 15.695111 11.680362
v 0.677145 15.747231 12.061874
v 0.625601 15.695111 12.443387
v 0.478814 15.546687 12.766818
v 0.259132 15.324553 12.982928
v -1.581790 16.269756 -9.426809
v -2.391679 17.154341 -8.743038
v -2.711607 17.836979 -7.693350
v -2.940483 18.149958 -7.537360
v -3.145326 18.437674 -7.551212
v -3.275511 18.552805 -7.354927
v -3.235975 18.474680 -6.824444
v -3.551894 18.559198 -6.256529
v -3.681200 18.824018 -5.285648
v -3.826316 18.952528 -4.417952
v -3.823786 19.000795 -3.407593
v -3.686781 18.946447 -2.254336
v -3.339849 18.697351 -1.370636
v -3.378688 18.792101 -1.114585
v -3.307826 18.770723 -0.831141
v -3.097398 18.533190 -0.637104
v -2.980824 18.524767 -0.203595
v -2.835117 18.270596 0.402286
v -2.493006 17.881182 1.086189
v -2.192850 17.454834 1.742402
v -1.826886 17.062513 2.232303
v -1.264076 16.382357 2.907470
v -0.252567 15.314934 11.133150
v -0.475267 15.550234 11.356931
v -0.620966 15.699745 11.680362
v -0.672129 15.752247 12.061874
v -0.620966 15.699745 12.443387
v -0.475267 15.550234 12.766818
v -0.257213 15.326473 12.982928
v -2.208646 15.649914 -9.426809
v -3.339264 15.930581 -8.743038
v -3.785888 16.147173 -7.693350
v -4.105404 16.246477 -7.537361
v -4.397346 16.339256 -7.550637
v -4.573379 16.374418 -7.358003
v -4.517915 16.349506 -6.824445
v -4.958943 16.376324 -6.256529
v -5.139456 16.460348 -5.285648
v -5.342041 16.501122 -4.417952
v -5.338510 16.516436 -3.407593
v -5.147248 16.499191 -2.254336
v -4.662925 16.420156 -1.370636
v -4.717145 16.450220 -1.114585
v -4.618221 16.443438 -0.831141
v -4.324460 16.368071 -0.637104
v -4.161720 16.365400 -0.203595
v -3.958312 16.284754 0.402286
v -3.480718 16.161198 1.086189
v -3.061695 16.025923 1.742402
v -2.550803 15.900250 2.232303
v -1.765112 15.682799 2.907470
v -0.352588 15.137990 11.133150
v -0.663481 15.217272 11.356931
v -0.866879 15.264709 11.680362
v -0.938304 15.281368 12.061874
v -0.866879 15.264709 12.443387
v -0.663481 15.217272 12.766818
v -0.359073 15.146276 12.982928
v -2.225401 14.632960 -9.426809
v -3.340926 14.292343 -8.743038
v -3.781589 14.029489 -7.693350
v -4.096839 13.908972 -7.537360
v -4.383362 13.797045 -7.550636
v -4.558550 13.753704 -7.357838
v -4.503844 13.783935 -6.824444
v -4.938985 13.751390 -6.256529
v -5.117088 13.649422 -5.285648
v -5.316969 13.599936 -4.417952
v -5.313485 13.581350 -3.407593
v -5.124776 13.602278 -2.254336
v -4.646918 13.698193 -1.370636
v -4.700415 13.661709 -1.114585
v -4.602811 13.669941 -0.831141
v -4.312971 13.761406 -0.637104
v -4.152404 13.764648 -0.203595
v -3.951710 13.862519 0.402286
v -3.480492 14.012466 1.086189
v -3.067063 14.176636 1.742402
v -2.562990 14.325281 2.232303
v -1.787787 14.583841 2.907470
v -0.347882 14.955957 11.133150
v -0.654624 14.874735 11.356931
v -0.855308 14.817163 11.680362
v -0.925779 14.796947 12.061874
v -0.855308 14.817163 12.443387
v -0.654624 14.874735 12.766818
v -0.354280 14.960896 12.982928
v 0.470227 20.788464 -4.849476
v 0.660002 20.792562 -4.396234
v 0.468186 20.787060 -3.904984
v 0.000000 20.801979 -3.696261
v -0.495684 20.783865 -3.904984
v -0.686117 20.789707 -4.396234
v -0.511530 20.786516 -4.849476
v 0.000000 20.782171 -5.047667
vt 0.467368 0.370888
vt 0.437909 0.341429
vt 0.397667 0.330646
vt 0.357425 0.341429
vt 0.327966 0.370888
vt 0.317183 0.411130
vt 0.327966 0.451372
vt 0.357425 0.480831
vt 0.397667 0.491614
vt 0.437909 0.480831
vt 0.467368 0.451372
vt 0.478151 0.411130
vt 0.333280 0.491614
vt 0.344011 0.491614
vt 0.354743 0.491614
vt 0.365474 0.491614
vt 0.376205 0.491614
vt 0.386936 0.491614
vt 0.397667 0.491614
vt 0.408398 0.491614
vt 0.419130 0.491614
vt 0.429861 0.491614
vt 0.440592 0.491614
vt 0.451323 0.491614
vt 0.462054 0.491614
vt 0.333280 0.685259
vt 0.344011 0.685259
vt 0.354743 0.685259
vt 0.365474 0.685259
vt 0.376205 0.685259
vt 0.386936 0.685259
vt 0.397667 0.685259
vt 0.408398 0.685259
vt 0.419130 0.685259
vt 0.429861 0.685259
vt 0.440592 0.685259
vt 0.451323 0.685259
vt 0.462054 0.685259
vt 0.397667 0.407910
vt 0.462054 0.591236
vt 0.333280 0.591236
vt 0.344011 0.591236
vt 0.354743 0.591236
vt 0.365474 0.591236
vt 0.376205 0.591236
vt 0.386936 0.591236
vt 0.397667 0.591236
vt 0.408398 0.591236
vt 0.419130 0.591236
vt 0.429861 0.591236
vt 0.440592 0.591236
vt 0.451323 0.591236
vt 0.462054 0.641124
vt 0.333280 0.641124
vt 0.451323 0.641124
vt 0.440592 0.641124
vt 0.429861 0.641124
vt 0.419130 0.641124
vt 0.408398 0.641124
vt 0.397667 0.641124
vt 0.386936 0.641124
vt 0.376205 0.641124
vt 0.365474 0.641124
vt 0.354743 0.641124
vt 0.344011 0.641124
vt 0.462054 0.532573
vt 0.333280 0.532573
vt 0.344011 0.532573
vt 0.354743 0.532573
vt 0.365474 0.532573
vt 0.376205 0.532573
vt 0.386936 0.532573
vt 0.397667 0.532573
vt 0.408398 0.532573
vt 0.419130 0.532573
vt 0.429861 0.532573
vt 0.440592 0.532573
vt 0.451323 0.532573
vt 0.462054 0.509158
vt 0.333280 0.509158
vt 0.344011 0.509158
vt 0.354743 0.509158
vt 0.365474 0.509158
vt 0.376205 0.509158
vt 0.386936 0.509158
vt 0.397667 0.509158
vt 0.408398 0.509158
vt 0.419130 0.509158
vt 0.429861 0.509158
vt 0.440592 0.509158
vt 0.451323 0.509158
vt 0.462054 0.501124
vt 0.333280 0.501124
vt 0.344011 0.501124
vt 0.354743 0.501124
vt 0.365474 0.501124
vt 0.376205 0.501124
vt 0.386936 0.501124
vt 0.397667 0.501124
vt 0.408398 0.501124
vt 0.419130 0.501124
vt 0.429861 0.501124
vt 0.440592 0.501124
vt 0.451323 0.501124
vt 0.462054 0.665430
vt 0.333280 0.665430
vt 0.451323 0.665430
vt 0.440592 0.665430
vt 0.429861 0.665430
vt 0.419130 0.665430
vt 0.408398 0.665430
vt 0.397667 0.665430
vt 0.386936 0.665430
vt 0.376205 0.665430
vt 0.365474 0.665430
vt 0.354743 0.665430
vt 0.344011 0.665430
vt 0.462054 0.676290
vt 0.333280 0.676290
vt 0.451323 0.676290
vt 0.440592 0.676290
vt 0.429861 0.676290
vt 0.419130 0.676290
vt 0.408398 0.676290
vt 0.397667 0.676290
vt 0.386936 0.676290
vt 0.376205 0.676290
vt 0.365474 0.676290
vt 0.354743 0.676290
vt 0.344011 0.676290
vt 0.462054 0.630510
vt 0.333280 0.630510
vt 0.344011 0.630510
vt 0.354743 0.630510
vt 0.365474 0.630510
vt 0.376205 0.630510
vt 0.386936 0.630510
vt 0.397667 0.630510
vt 0.408398 0.630510
vt 0.419130 0.630510
vt 0.429861 0.630510
vt 0.440592 0.630510
vt 0.451323 0.630510
vt 0.462054 0.647667
vt 0.333280 0.647667
vt 0.344011 0.647667
vt 0.354743 0.647667
vt 0.365474 0.647667
vt 0.376205 0.647667
vt 0.386936 0.647667
vt 0.397667 0.647667
vt 0.408398 0.647667
vt 0.419130 0.647667
vt 0.429861 0.647667
vt 0.440592 0.647667
vt 0.451323 0.647667
vt 0.462054 0.520581
vt 0.462054 0.559922
vt 0.333280 0.559922
vt 0.451323 0.559922
vt 0.440592 0.559922
vt 0.429861 0.559922
vt 0.408398 0.559922
vt 0.397667 0.559922
vt 0.386936 0.559922
vt 0.376205 0.559922
vt 0.365474 0.559922
vt 0.354743 0.559922
vt 0.344011 0.559922
vt 0.462054 0.635548
vt 0.333280 0.635548
vt 0.451323 0.635548
vt 0.440592 0.635548
vt 0.429861 0.635548
vt 0.419130 0.635548
vt 0.408398 0.635548
vt 0.397667 0.635548
vt 0.386936 0.635548
vt 0.376205 0.635548
vt 0.365474 0.635548
vt 0.354743 0.635548
vt 0.344011 0.635548
vt 0.333280 0.512287
vt 0.333280 0.516577
vt 0.461839 0.515300
vt 0.344011 0.516607
vt 0.333280 0.520581
vt 0.354743 0.516624
vt 0.344011 0.520581
vt 0.365474 0.516607
vt 0.354743 0.520581
vt 0.376205 0.516577
vt 0.365474 0.520581
vt 0.386936 0.516564
vt 0.376205 0.520581
vt 0.397667 0.516577
vt 0.386936 0.520581
vt 0.408398 0.516607
vt 0.397667 0.520581
vt 0.419130 0.516624
vt 0.408398 0.520581
vt 0.429861 0.516607
vt 0.419130 0.520581
vt 0.440592 0.516577
vt 0.429861 0.520581
vt 0.451323 0.516564
vt 0.440592 0.520581
vt 0.462054 0.516577
vt 0.451323 0.520581
vt 0.462054 0.512287
vt 0.462054 0.513961
vt 0.451323 0.513950
vt 0.451323 0.512287
vt 0.440487 0.514022
vt 0.440592 0.512287
vt 0.429759 0.514085
vt 0.429861 0.512287
vt 0.419130 0.514081
vt 0.419130 0.512287
vt 0.408501 0.514072
vt 0.408398 0.512287
vt 0.397773 0.514009
vt 0.397667 0.512287
vt 0.386936 0.513950
vt 0.386936 0.512287
vt 0.376100 0.514022
vt 0.376205 0.512287
vt 0.365372 0.514085
vt 0.365474 0.512287
vt 0.354743 0.514081
vt 0.354743 0.512287
vt 0.344114 0.514072
vt 0.344011 0.512287
vt 0.333386 0.514009
vt 0.058665 0.135492
vt 0.071510 0.135492
vt 0.071510 0.367281
vt 0.058665 0.367281
vt 0.084355 0.135492
vt 0.084355 0.367281
vt 0.097200 0.135492
vt 0.097200 0.367281
vt 0.110045 0.135492
vt 0.110045 0.367281
vt 0.122890 0.135492
vt 0.122890 0.367281
vt 0.135735 0.135492
vt 0.135735 0.367281
vt 0.148579 0.135492
vt 0.148579 0.367281
vt 0.161424 0.135492
vt 0.161424 0.367281
vt 0.174269 0.135492
vt 0.174269 0.367281
vt 0.187114 0.135492
vt 0.187114 0.367281
vt 0.199959 0.135492
vt 0.199959 0.367281
vt 0.212804 0.135492
vt 0.212804 0.367281
vt 0.462054 0.680061
vt 0.333280 0.680061
vt 0.451323 0.680061
vt 0.440592 0.680061
vt 0.429861 0.680061
vt 0.419130 0.680061
vt 0.408398 0.680061
vt 0.397667 0.680061
vt 0.386936 0.680061
vt 0.376205 0.680061
vt 0.365474 0.680061
vt 0.354743 0.680061
vt 0.344011 0.680061
vt 0.462054 0.671215
vt 0.333280 0.671215
vt 0.451323 0.671215
vt 0.440592 0.671215
vt 0.429861 0.671215
vt 0.419130 0.671215
vt 0.408398 0.671215
vt 0.397667 0.671215
vt 0.386936 0.671215
vt 0.376205 0.671215
vt 0.365474 0.671215
vt 0.354743 0.671215
vt 0.344011 0.671215
vt 0.462054 0.655562
vt 0.333280 0.655562
vt 0.451323 0.655562
vt 0.440592 0.655562
vt 0.429861 0.655562
vt 0.419130 0.655562
vt 0.408398 0.655562
vt 0.397667 0.655562
vt 0.386936 0.655562
vt 0.376205 0.655562
vt 0.365474 0.655562
vt 0.354743 0.655562
vt 0.344011 0.655562
vt 0.052560 0.465845
vt 0.070971 0.465845
vt 0.070971 0.493461
vt 0.052560 0.493461
vt 0.089381 0.465845
vt 0.089381 0.493461
vt 0.107792 0.465845
vt 0.107792 0.493461
vt 0.126202 0.465845
vt 0.126202 0.493461
vt 0.144613 0.465845
vt 0.144613 0.493461
vt 0.163023 0.465845
vt 0.163023 0.493461
vt 0.181434 0.465845
vt 0.181434 0.493461
vt 0.199844 0.465845
vt 0.199844 0.493461
vt 0.218255 0.465845
vt 0.218255 0.493461
vt 0.236665 0.465845
vt 0.236665 0.493461
vt 0.255076 0.465845
vt 0.255076 0.493461
vt 0.273486 0.465845
vt 0.273486 0.493461
vt 0.070971 0.521076
vt 0.052560 0.521076
vt 0.089381 0.521076
vt 0.107792 0.521076
vt 0.126202 0.521076
vt 0.144613 0.521076
vt 0.163023 0.521076
vt 0.181434 0.521076
vt 0.199844 0.521076
vt 0.218255 0.521076
vt 0.236665 0.521076
vt 0.255076 0.521076
vt 0.273486 0.521076
vt 0.070971 0.548692
vt 0.052560 0.548692
vt 0.089381 0.548692
vt 0.107792 0.548692
vt 0.126202 0.548692
vt 0.144613 0.548692
vt 0.163023 0.548692
vt 0.181434 0.548692
vt 0.199844 0.548692
vt 0.218255 0.548692
vt 0.236665 0.548692
vt 0.255076 0.548692
vt 0.273486 0.548692
vt 0.070971 0.576308
vt 0.052560 0.576308
vt 0.089381 0.576308
vt 0.107792 0.576308
vt 0.126202 0.576308
vt 0.144613 0.576308
vt 0.163023 0.576308
vt 0.181434 0.576308
vt 0.199844 0.576308
vt 0.218255 0.576308
vt 0.236665 0.576308
vt 0.255076 0.576308
vt 0.273486 0.576308
vt 0.070971 0.603924
vt 0.052560 0.603924
vt 0.089381 0.603924
vt 0.107792 0.603924
vt 0.126202 0.603924
vt 0.144613 0.603924
vt 0.163023 0.603924
vt 0.181434 0.603924
vt 0.199844 0.603924
vt 0.218255 0.603924
vt 0.236665 0.603924
vt 0.255076 0.603924
vt 0.273486 0.603924
vt 0.070971 0.631540
vt 0.052560 0.631540
vt 0.089381 0.631540
vt 0.107792 0.631540
vt 0.126202 0.631540
vt 0.144613 0.631540
vt 0.163023 0.631540
vt 0.181434 0.631540
vt 0.199844 0.631540
vt 0.218255 0.631540
vt 0.236665 0.631540
vt 0.255076 0.631540
vt 0.273486 0.631540
vt 0.061765 0.659155
vt 0.080176 0.659155
vt 0.098586 0.659155
vt 0.116997 0.659155
vt 0.135407 0.659155
vt 0.153818 0.659155
vt 0.172228 0.659155
vt 0.190639 0.659155
vt 0.209050 0.659155
vt 0.227460 0.659155
vt 0.245871 0.659155
vt 0.264281 0.659155
vt 0.462054 0.549055
vt 0.333280 0.549055
vt 0.451323 0.549055
vt 0.440592 0.549055
vt 0.429861 0.549055
vt 0.408398 0.549055
vt 0.397667 0.549055
vt 0.386936 0.549055
vt 0.376205 0.549055
vt 0.365474 0.549055
vt 0.344011 0.549055
vt 0.462054 0.540339
vt 0.333280 0.540339
vt 0.451323 0.540339
vt 0.440592 0.540339
vt 0.429861 0.540339
vt 0.408398 0.540339
vt 0.397667 0.540339
vt 0.386936 0.540339
vt 0.376205 0.540339
vt 0.365474 0.540339
vt 0.354743 0.540339
vt 0.344011 0.540339
vt 0.359505 0.491614
vt 0.379810 0.335431
vt 0.359505 0.501124
vt 0.359505 0.509158
vt 0.359505 0.512287
vt 0.359460 0.514083
vt 0.359505 0.516616
vt 0.359505 0.520581
vt 0.359505 0.532573
vt 0.359505 0.540339
vt 0.359505 0.549055
vt 0.359505 0.559922
vt 0.359505 0.591236
vt 0.359505 0.630510
vt 0.359505 0.635548
vt 0.359505 0.641124
vt 0.359505 0.647667
vt 0.359505 0.655562
vt 0.359505 0.665430
vt 0.359505 0.671215
vt 0.359505 0.676290
vt 0.359505 0.680061
vt 0.090055 0.135492
vt 0.359505 0.685259
vt 0.097551 0.465845
vt 0.090055 0.367281
vt 0.097551 0.493461
vt 0.097551 0.521076
vt 0.097551 0.548692
vt 0.097551 0.576308
vt 0.097551 0.603924
vt 0.097551 0.631540
vt 0.350832 0.491614
vt 0.412332 0.334576
vt 0.350832 0.501124
vt 0.350832 0.509158
vt 0.350832 0.512287
vt 0.350869 0.514078
vt 0.350832 0.516618
vt 0.350832 0.520581
vt 0.350832 0.532573
vt 0.350832 0.540339
vt 0.350832 0.549055
vt 0.350832 0.559922
vt 0.350832 0.591236
vt 0.350832 0.630510
vt 0.350832 0.635548
vt 0.350832 0.641124
vt 0.350832 0.647667
vt 0.350832 0.655562
vt 0.350832 0.665430
vt 0.350832 0.671215
vt 0.350832 0.676290
vt 0.350832 0.680061
vt 0.079674 0.135492
vt 0.350832 0.685259
vt 0.082672 0.465845
vt 0.079674 0.367281
vt 0.082672 0.493461
vt 0.082672 0.521076
vt 0.082672 0.548692
vt 0.082672 0.576308
vt 0.082672 0.603924
vt 0.082672 0.631540
vt 0.252065 0.070460
vt 0.285064 0.049439
vt 0.301063 0.240670
vt 0.293141 0.241024
vt 0.322101 0.042587
vt 0.308733 0.241028
vt 0.352719 0.048601
vt 0.316247 0.242122
vt 0.381929 0.058057
vt 0.323624 0.243869
vt 0.408266 0.071022
vt 0.330589 0.246487
vt 0.435230 0.082736
vt 0.337283 0.249733
vt 0.464104 0.104931
vt 0.343778 0.253882
vt 0.482838 0.141985
vt 0.349939 0.258524
vt 0.055180 0.708019
vt 0.082141 0.708019
vt 0.082141 0.734980
vt 0.055180 0.734980
vt 0.109102 0.708019
vt 0.109102 0.734980
vt 0.136062 0.708019
vt 0.136062 0.734980
vt 0.163023 0.708019
vt 0.163023 0.734980
vt 0.189984 0.708019
vt 0.189984 0.734980
vt 0.216945 0.708019
vt 0.216945 0.734980
vt 0.243906 0.708019
vt 0.243906 0.734980
vt 0.270866 0.708019
vt 0.270866 0.734980
vt 0.082141 0.761941
vt 0.055180 0.761941
vt 0.109102 0.761941
vt 0.136062 0.761941
vt 0.163023 0.761941
vt 0.189984 0.761941
vt 0.216945 0.761941
vt 0.243906 0.761941
vt 0.270866 0.761941
vt 0.082141 0.788901
vt 0.055180 0.788901
vt 0.109102 0.788901
vt 0.136062 0.788901
vt 0.163023 0.788901
vt 0.189984 0.788901
vt 0.216945 0.788901
vt 0.243906 0.788901
vt 0.270866 0.788901
vt 0.082141 0.815862
vt 0.055180 0.815862
vt 0.109102 0.815862
vt 0.136062 0.815862
vt 0.163023 0.815862
vt 0.189984 0.815862
vt 0.216945 0.815862
vt 0.243906 0.815862
vt 0.270866 0.815862
vt 0.082141 0.842823
vt 0.055180 0.842823
vt 0.109102 0.842823
vt 0.136062 0.842823
vt 0.163023 0.842823
vt 0.189984 0.842823
vt 0.216945 0.842823
vt 0.243906 0.842823
vt 0.270866 0.842823
vt 0.082141 0.869784
vt 0.055180 0.869784
vt 0.109102 0.869784
vt 0.136062 0.869784
vt 0.163023 0.869784
vt 0.189984 0.869784
vt 0.216945 0.869784
vt 0.243906 0.869784
vt 0.270866 0.869784
vt 0.068661 0.896744
vt 0.095621 0.896744
vt 0.122582 0.896744
vt 0.149543 0.896744
vt 0.176504 0.896744
vt 0.203464 0.896744
vt 0.230425 0.896744
vt 0.257386 0.896744
vt 0.403242 0.491614
vt 0.343271 0.466677
vt 0.403242 0.501124
vt 0.403242 0.509158
vt 0.403242 0.512287
vt 0.403346 0.514042
vt 0.403242 0.516593
vt 0.403242 0.520581
vt 0.403242 0.532573
vt 0.403242 0.540339
vt 0.403242 0.549055
vt 0.403242 0.559922
vt 0.403242 0.591236
vt 0.403242 0.630510
vt 0.403242 0.635548
vt 0.403242 0.641124
vt 0.403242 0.647667
vt 0.403242 0.655562
vt 0.403242 0.665430
vt 0.403242 0.671215
vt 0.403242 0.676290
vt 0.403242 0.680061
vt 0.142408 0.135492
vt 0.403242 0.685259
vt 0.172588 0.465845
vt 0.142408 0.367281
vt 0.172588 0.493461
vt 0.172588 0.521076
vt 0.172588 0.548692
vt 0.172588 0.576308
vt 0.172588 0.603924
vt 0.172588 0.631540
vt 0.615660 0.811259
vt 0.620980 0.811259
vt 0.620980 0.907247
vt 0.615660 0.907247
vt 0.626299 0.811259
vt 0.626299 0.907247
vt 0.631618 0.811259
vt 0.631618 0.907247
vt 0.636938 0.811259
vt 0.636938 0.907247
vt 0.642257 0.811259
vt 0.642257 0.907247
vt 0.647577 0.811259
vt 0.647577 0.907247
vt 0.652896 0.811259
vt 0.652896 0.907247
vt 0.658215 0.811259
vt 0.658215 0.907247
vt 0.663535 0.811259
vt 0.663535 0.907247
vt 0.668854 0.811259
vt 0.668854 0.907247
vt 0.674173 0.811259
vt 0.674173 0.907247
vt 0.679493 0.811259
vt 0.679493 0.907247
vt 0.673461 0.724390
vt 0.688064 0.738993
vt 0.653514 0.757344
vt 0.653514 0.719045
vt 0.633566 0.724390
vt 0.618964 0.738993
vt 0.613619 0.758940
vt 0.618964 0.778888
vt 0.633566 0.793490
vt 0.653514 0.798835
vt 0.673461 0.793490
vt 0.688064 0.778888
vt 0.693409 0.758940
vt 0.350883 0.731469
vt 0.606212 0.731469
vt 0.606212 0.986798
vt 0.350883 0.986798
vt 0.350883 0.731469
vt 0.606212 0.731469
vt 0.606212 0.986798
vt 0.350883 0.986798
vt 0.350883 0.731469
vt 0.606212 0.731469
vt 0.606212 0.986798
vt 0.350883 0.986798
vt 0.350883 0.731469
vt 0.606212 0.731469
vt 0.606212 0.986798
vt 0.350883 0.986798
vt 0.350883 0.731469
vt 0.606212 0.731469
vt 0.606212 0.986798
vt 0.350883 0.986798
vt 0.350883 0.731469
vt 0.606212 0.731469
vt 0.606212 0.986798
vt 0.350883 0.986798
vt 0.350883 0.731469
vt 0.606212 0.731469
vt 0.606212 0.986798
vt 0.350883 0.986798
vt 0.350883 0.731469
vt 0.606212 0.731469
vt 0.606212 0.986798
vt 0.350883 0.986798
vt 0.350883 0.731469
vt 0.606212 0.731469
vt 0.606212 0.986798
vt 0.350883 0.986798
vt 0.350883 0.731469
vt 0.606212 0.731469
vt 0.606212 0.986798
vt 0.350883 0.986798
vt 0.350883 0.731469
vt 0.606212 0.731469
vt 0.606212 0.986798
vt 0.350883 0.986798
vt 0.350883 0.731469
vt 0.606212 0.731469
vt 0.606212 0.986798
vt 0.350883 0.986798
vt 0.350883 0.731469
vt 0.606212 0.731469
vt 0.606212 0.986798
vt 0.350883 0.986798
vt 0.350883 0.731469
vt 0.606212 0.731469
vt 0.606212 0.986798
vt 0.350883 0.986798
vt 0.350883 0.731469
vt 0.606212 0.731469
vt 0.606212 0.986798
vt 0.350883 0.986798
vt 0.350883 0.731469
vt 0.606212 0.731469
vt 0.606212 0.986798
vt 0.350883 0.986798
vt 0.350883 0.731469
vt 0.606212 0.731469
vt 0.606212 0.986798
vt 0.350883 0.986798
vt 0.350883 0.731469
vt 0.606212 0.731469
vt 0.606212 0.986798
vt 0.350883 0.986798
vt 0.350883 0.731469
vt 0.606212 0.731469
vt 0.606212 0.986798
vt 0.350883 0.986798
vt 0.350883 0.731469
vt 0.606212 0.731469
vt 0.606212 0.986798
vt 0.350883 0.986798
vt 0.350883 0.731469
vt 0.606212 0.731469
vt 0.606212 0.986798
vt 0.350883 0.986798
vt 0.350883 0.731469
vt 0.606212 0.731469
vt 0.606212 0.986798
vt 0.350883 0.986798
vt 0.350883 0.731469
vt 0.606212 0.731469
vt 0.606212 0.986798
vt 0.350883 0.986798
vt 0.350883 0.731469
vt 0.606212 0.731469
vt 0.606212 0.986798
vt 0.350883 0.986798
vt 0.350883 0.731469
vt 0.606212 0.731469
vt 0.606212 0.986798
vt 0.350883 0.986798
vt 0.350883 0.731469
vt 0.606212 0.731469
vt 0.606212 0.986798
vt 0.350883 0.986798
vt 0.350883 0.731469
vt 0.606212 0.731469
vt 0.606212 0.986798
vt 0.350883 0.986798
vt 0.350883 0.731469
vt 0.606212 0.731469
vt 0.606212 0.986798
vt 0.350883 0.986798
vt 0.350883 0.731469
vt 0.606212 0.731469
vt 0.606212 0.986798
vt 0.350883 0.986798
vt 0.350883 0.731469
vt 0.606212 0.731469
vt 0.606212 0.986798
vt 0.350883 0.986798
vt 0.350883 0.731469
vt 0.606212 0.731469
vt 0.606212 0.986798
vt 0.350883 0.986798
vt 0.350883 0.731469
vt 0.606212 0.731469
vt 0.606212 0.986798
vt 0.350883 0.986798
vt 0.350883 0.731469
vt 0.606212 0.731469
vt 0.606212 0.986798
vt 0.350883 0.986798
vt 0.350883 0.731469
vt 0.606212 0.731469
vt 0.606212 0.986798
vt 0.350883 0.986798
vt 0.350883 0.731469
vt 0.606212 0.731469
vt 0.606212 0.986798
vt 0.350883 0.986798
vt 0.350883 0.731469
vt 0.606212 0.731469
vt 0.606212 0.986798
vt 0.350883 0.986798
vt 0.350883 0.731469
vt 0.606212 0.731469
vt 0.606212 0.986798
vt 0.350883 0.986798
vt 0.350883 0.731469
vt 0.606212 0.731469
vt 0.606212 0.986798
vt 0.350883 0.986798
vt 0.350883 0.731469
vt 0.606212 0.731469
vt 0.606212 0.986798
vt 0.350883 0.986798
vt 0.350883 0.731469
vt 0.606212 0.731469
vt 0.606212 0.986798
vt 0.350883 0.986798
vt 0.350883 0.731469
vt 0.606212 0.731469
vt 0.606212 0.986798
vt 0.350883 0.986798
vt 0.350883 0.731469
vt 0.606212 0.731469
vt 0.606212 0.986798
vt 0.350883 0.986798
vt 0.350883 0.731469
vt 0.606212 0.731469
vt 0.606212 0.986798
vt 0.350883 0.986798
vt 0.350883 0.731469
vt 0.606212 0.731469
vt 0.606212 0.986798
vt 0.350883 0.986798
vt 0.350883 0.731469
vt 0.606212 0.731469
vt 0.606212 0.986798
vt 0.350883 0.986798
vt 0.350883 0.731469
vt 0.606212 0.731469
vt 0.606212 0.986798
vt 0.350883 0.986798
vt 0.350883 0.731469
vt 0.606212 0.731469
vt 0.606212 0.986798
vt 0.350883 0.986798
vt 0.350883 0.731469
vt 0.606212 0.731469
vt 0.606212 0.986798
vt 0.350883 0.986798
vt 0.350883 0.731469
vt 0.606212 0.731469
vt 0.606212 0.844232
vt 0.350883 0.844232
vt 0.350883 0.731469
vt 0.606212 0.731469
vt 0.606212 0.844232
vt 0.350883 0.844232
vt 0.350883 0.731469
vt 0.606212 0.731469
vt 0.606212 0.844232
vt 0.350883 0.844232
vt 0.350883 0.731469
vt 0.606212 0.731469
vt 0.606212 0.844232
vt 0.350883 0.844232
vt 0.350883 0.731469
vt 0.606212 0.731469
vt 0.606212 0.844232
vt 0.350883 0.844232
vt 0.350883 0.731469
vt 0.606212 0.731469
vt 0.606212 0.844232
vt 0.350883 0.844232
vt 0.350883 0.731469
vt 0.606212 0.731469
vt 0.606212 0.844232
vt 0.350883 0.844232
vt 0.350883 0.731469
vt 0.606212 0.731469
vt 0.606212 0.844232
vt 0.350883 0.844232
vt 0.350883 0.731469
vt 0.606212 0.731469
vt 0.606212 0.844232
vt 0.350883 0.844232
vt 0.350883 0.731469
vt 0.606212 0.731469
vt 0.606212 0.844232
vt 0.350883 0.844232
vt 0.350883 0.731469
vt 0.606212 0.731469
vt 0.606212 0.844232
vt 0.350883 0.844232
vt 0.350883 0.731469
vt 0.606212 0.731469
vt 0.606212 0.844232
vt 0.350883 0.844232
vt 0.350883 0.731469
vt 0.606212 0.731469
vt 0.606212 0.986798
vt 0.350883 0.986798
vt 0.350883 0.731469
vt 0.606212 0.731469
vt 0.606212 0.986798
vt 0.350883 0.986798
vt 0.350883 0.731469
vt 0.606212 0.731469
vt 0.606212 0.986798
vt 0.350883 0.986798
vt 0.350883 0.731469
vt 0.606212 0.731469
vt 0.606212 0.986798
vt 0.350883 0.986798
vt 0.350883 0.731469
vt 0.606212 0.731469
vt 0.606212 0.986798
vt 0.350883 0.986798
vt 0.350883 0.731469
vt 0.606212 0.731469
vt 0.606212 0.986798
vt 0.350883 0.986798
vt 0.350883 0.731469
vt 0.606212 0.731469
vt 0.606212 0.986798
vt 0.350883 0.986798
vt 0.350883 0.731469
vt 0.606212 0.731469
vt 0.606212 0.986798
vt 0.350883 0.986798
vt 0.350883 0.731469
vt 0.606212 0.731469
vt 0.606212 0.986798
vt 0.350883 0.986798
vt 0.350883 0.731469
vt 0.606212 0.731469
vt 0.606212 0.986798
vt 0.350883 0.986798
vt 0.350883 0.731469
vt 0.606212 0.731469
vt 0.606212 0.986798
vt 0.350883 0.986798
vt 0.350883 0.731469
vt 0.606212 0.731469
vt 0.606212 0.986798
vt 0.350883 0.986798
vt 0.350883 0.731469
vt 0.606212 0.731469
vt 0.606212 0.986798
vt 0.350883 0.986798
vt 0.350883 0.731469
vt 0.606212 0.731469
vt 0.606212 0.986798
vt 0.350883 0.986798
vt 0.350883 0.731469
vt 0.606212 0.731469
vt 0.606212 0.986798
vt 0.350883 0.986798
vt 0.350883 0.731469
vt 0.606212 0.731469
vt 0.606212 0.986798
vt 0.350883 0.986798
vt 0.350883 0.731469
vt 0.606212 0.731469
vt 0.606212 0.986798
vt 0.350883 0.986798
vt 0.350883 0.731469
vt 0.606212 0.731469
vt 0.606212 0.986798
vt 0.350883 0.986798
vt 0.350883 0.731469
vt 0.606212 0.731469
vt 0.606212 0.986798
vt 0.350883 0.986798
vt 0.350883 0.731469
vt 0.606212 0.731469
vt 0.606212 0.986798
vt 0.350883 0.986798
vt 0.350883 0.731469
vt 0.606212 0.731469
vt 0.606212 0.986798
vt 0.350883 0.986798
vt 0.350883 0.731469
vt 0.606212 0.731469
vt 0.606212 0.986798
vt 0.350883 0.986798
vt 0.350883 0.731469
vt 0.606212 0.731469
vt 0.606212 0.986798
vt 0.350883 0.986798
vt 0.350883 0.731469
vt 0.606212 0.731469
vt 0.606212 0.986798
vt 0.350883 0.986798
vt 0.350883 0.731469
vt 0.606212 0.731469
vt 0.606212 0.986798
vt 0.350883 0.986798
vt 0.350883 0.731469
vt 0.606212 0.731469
vt 0.606212 0.986798
vt 0.350883 0.986798
vt 0.350883 0.731469
vt 0.606212 0.731469
vt 0.606212 0.986798
vt 0.350883 0.986798
vt 0.350883 0.731469
vt 0.606212 0.731469
vt 0.606212 0.986798
vt 0.350883 0.986798
vt 0.350883 0.731469
vt 0.606212 0.731469
vt 0.606212 0.986798
vt 0.350883 0.986798
vt 0.350883 0.731469
vt 0.606212 0.731469
vt 0.606212 0.986798
vt 0.350883 0.986798
vt 0.350883 0.731469
vt 0.606212 0.731469
vt 0.606212 0.986798
vt 0.350883 0.986798
vt 0.350883 0.731469
vt 0.606212 0.731469
vt 0.606212 0.986798
vt 0.350883 0.986798
vt 0.350883 0.731469
vt 0.606212 0.731469
vt 0.606212 0.986798
vt 0.350883 0.986798
vt 0.350883 0.731469
vt 0.606212 0.731469
vt 0.606212 0.986798
vt 0.350883 0.986798
vt 0.606212 0.986798
vt 0.350883 0.986798
vt 0.606212 0.986798
vt 0.350883 0.986798
vt 0.606212 0.986798
vt 0.350883 0.986798
vt 0.606212 0.986798
vt 0.350883 0.986798
vt 0.606212 0.986798
vt 0.350883 0.986798
vt 0.606212 0.986798
vt 0.350883 0.986798
vt 0.606212 0.986798
vt 0.350883 0.986798
vt 0.606212 0.986798
vt 0.350883 0.986798
vt 0.606212 0.986798
vt 0.350883 0.986798
vt 0.606212 0.986798
vt 0.350883 0.986798
vt 0.574289 0.694745
vt 0.550007 0.704803
vt 0.550007 0.669089
vt 0.525725 0.694745
vt 0.515668 0.670463
vt 0.525725 0.646181
vt 0.550007 0.636124
vt 0.574289 0.646181
vt 0.584347 0.670463
vt 0.587420 0.588494
vt 0.587420 0.617288
vt 0.579441 0.617288
vt 0.579441 0.588494
vt 0.578217 0.698895
vt 0.589902 0.670685
vt 0.550007 0.710580
vt 0.523588 0.617288
vt 0.523588 0.588494
vt 0.531567 0.588494
vt 0.531567 0.617288
vt 0.521797 0.698895
vt 0.539546 0.588494
vt 0.539546 0.617288
vt 0.510112 0.670685
vt 0.547525 0.588494
vt 0.547525 0.617288
vt 0.521797 0.642475
vt 0.555504 0.588494
vt 0.555504 0.617288
vt 0.550007 0.630790
vt 0.563483 0.588494
vt 0.563483 0.617288
vt 0.578217 0.642475
vt 0.571462 0.588494
vt 0.571462 0.617288
vt 0.523588 0.541456
vt 0.531567 0.541456
vt 0.539546 0.541456
vt 0.547525 0.541456
vt 0.555504 0.541456
vt 0.563483 0.541456
vt 0.571462 0.541456
vt 0.579441 0.541456
vt 0.587420 0.541456
vt 0.587420 0.521300
vt 0.579441 0.521300
vt 0.523588 0.521300
vt 0.531567 0.521300
vt 0.539546 0.521300
vt 0.547525 0.521300
vt 0.555504 0.521300
vt 0.563483 0.521300
vt 0.571462 0.521300
vt 0.752153 0.189832
vt 0.740851 0.189832
vt 0.763455 0.189832
vt 0.774757 0.189832
vt 0.786058 0.189832
vt 0.797360 0.189832
vt 0.808662 0.189832
vt 0.819964 0.189832
vt 0.831265 0.189832
vt 0.842567 0.189832
vt 0.853869 0.189832
vt 0.865170 0.189832
vt 0.876472 0.189832
vt 0.887774 0.189832
vt 0.899076 0.189832
vt 0.910378 0.189832
vt 0.921679 0.189832
vt 0.740851 0.204387
vt 0.740851 0.198873
vt 0.752153 0.198873
vt 0.752153 0.204387
vt 0.763455 0.198873
vt 0.763455 0.204387
vt 0.774757 0.198873
vt 0.774757 0.204387
vt 0.786058 0.198873
vt 0.786058 0.204387
vt 0.797360 0.198873
vt 0.797360 0.204387
vt 0.808662 0.198873
vt 0.808662 0.204387
vt 0.819964 0.198873
vt 0.819964 0.204387
vt 0.831265 0.198873
vt 0.831265 0.204387
vt 0.842567 0.198873
vt 0.842567 0.204387
vt 0.853869 0.198873
vt 0.853869 0.204387
vt 0.865170 0.198873
vt 0.865170 0.204387
vt 0.876472 0.198873
vt 0.876472 0.204387
vt 0.887774 0.198873
vt 0.887774 0.204387
vt 0.899076 0.198873
vt 0.899076 0.204387
vt 0.910378 0.198873
vt 0.910378 0.204387
vt 0.921679 0.198873
vt 0.921679 0.204387
vt 0.740851 0.147637
vt 0.752153 0.147637
vt 0.763455 0.147637
vt 0.774757 0.147637
vt 0.786058 0.147637
vt 0.797360 0.147637
vt 0.808662 0.147637
vt 0.819964 0.147637
vt 0.831265 0.147637
vt 0.842567 0.147637
vt 0.853869 0.147637
vt 0.865170 0.147637
vt 0.876472 0.147637
vt 0.887774 0.147637
vt 0.899076 0.147637
vt 0.910378 0.147637
vt 0.921679 0.147637
vt 0.740851 0.138597
vt 0.752153 0.138597
vt 0.740851 0.133198
vt 0.752153 0.133198
vt 0.763455 0.138597
vt 0.763455 0.133198
vt 0.774757 0.138597
vt 0.774757 0.133198
vt 0.786058 0.138597
vt 0.786058 0.133198
vt 0.797360 0.138597
vt 0.797360 0.133198
vt 0.808662 0.138597
vt 0.808662 0.133198
vt 0.819964 0.138597
vt 0.819964 0.133198
vt 0.831265 0.138597
vt 0.831265 0.133198
vt 0.842567 0.138597
vt 0.842567 0.133198
vt 0.853869 0.138597
vt 0.853869 0.133198
vt 0.865170 0.138597
vt 0.865170 0.133198
vt 0.876472 0.138597
vt 0.876472 0.133198
vt 0.887774 0.138597
vt 0.887774 0.133198
vt 0.899076 0.138597
vt 0.899076 0.133198
vt 0.910378 0.138597
vt 0.910378 0.133198
vt 0.921679 0.133198
vt 0.921679 0.138597
vt 0.752153 0.259149
vt 0.740851 0.259149
vt 0.740851 0.238051
vt 0.752153 0.238051
vt 0.763455 0.259149
vt 0.763455 0.238051
vt 0.774757 0.259149
vt 0.774757 0.238051
vt 0.786058 0.259149
vt 0.786058 0.238051
vt 0.797360 0.259149
vt 0.797360 0.238051
vt 0.808662 0.259149
vt 0.808662 0.238051
vt 0.819964 0.259149
vt 0.819964 0.238051
vt 0.831265 0.259149
vt 0.831265 0.238051
vt 0.842567 0.259149
vt 0.842567 0.238051
vt 0.853869 0.259149
vt 0.853869 0.238051
vt 0.865170 0.259149
vt 0.865170 0.238051
vt 0.876472 0.259149
vt 0.876472 0.238051
vt 0.887774 0.259149
vt 0.887774 0.238051
vt 0.899076 0.259149
vt 0.899076 0.238051
vt 0.910378 0.259149
vt 0.910378 0.238051
vt 0.921679 0.259149
vt 0.921679 0.238051
vt 0.752153 0.223503
vt 0.740851 0.223503
vt 0.763455 0.223503
vt 0.774757 0.223503
vt 0.786058 0.223503
vt 0.797360 0.223503
vt 0.808662 0.223503
vt 0.819964 0.223503
vt 0.831265 0.223503
vt 0.842567 0.223503
vt 0.853869 0.223503
vt 0.865170 0.223503
vt 0.876472 0.223503
vt 0.887774 0.223503
vt 0.899076 0.223503
vt 0.910378 0.223503
vt 0.921679 0.223503
vt 0.740851 0.229011
vt 0.752153 0.229011
vt 0.763455 0.229011
vt 0.774757 0.229011
vt 0.786058 0.229011
vt 0.797360 0.229011
vt 0.808662 0.229011
vt 0.819964 0.229011
vt 0.831265 0.229011
vt 0.842567 0.229011
vt 0.853869 0.229011
vt 0.865170 0.229011
vt 0.876472 0.229011
vt 0.887774 0.229011
vt 0.899076 0.229011
vt 0.910378 0.229011
vt 0.921679 0.229011
vt 0.752153 0.099418
vt 0.740851 0.099418
vt 0.740851 0.078321
vt 0.752153 0.078321
vt 0.763455 0.099418
vt 0.763455 0.078321
vt 0.774757 0.099418
vt 0.774757 0.078321
vt 0.786058 0.099418
vt 0.786058 0.078321
vt 0.797360 0.099418
vt 0.797360 0.078321
vt 0.808662 0.099418
vt 0.808662 0.078321
vt 0.819964 0.099418
vt 0.819964 0.078321
vt 0.831265 0.099418
vt 0.831265 0.078321
vt 0.842567 0.099418
vt 0.842567 0.078321
vt 0.853869 0.099418
vt 0.853869 0.078321
vt 0.865170 0.099418
vt 0.865170 0.078321
vt 0.876472 0.099418
vt 0.876472 0.078321
vt 0.887774 0.099418
vt 0.887774 0.078321
vt 0.899076 0.099418
vt 0.899076 0.078321
vt 0.910378 0.099418
vt 0.910378 0.078321
vt 0.921679 0.099418
vt 0.921679 0.078321
vt 0.740851 0.113858
vt 0.752153 0.113858
vt 0.763455 0.113858
vt 0.774757 0.113858
vt 0.786058 0.113858
vt 0.797360 0.113858
vt 0.808662 0.113858
vt 0.819964 0.113858
vt 0.831265 0.113858
vt 0.842567 0.113858
vt 0.853869 0.113858
vt 0.865170 0.113858
vt 0.876472 0.113858
vt 0.887774 0.113858
vt 0.899076 0.113858
vt 0.910378 0.113858
vt 0.921679 0.113858
vt 0.921679 0.108459
vt 0.910378 0.108459
vt 0.740851 0.108459
vt 0.752153 0.108459
vt 0.763455 0.108459
vt 0.774757 0.108459
vt 0.786058 0.108459
vt 0.797360 0.108459
vt 0.808662 0.108459
vt 0.819964 0.108459
vt 0.831265 0.108459
vt 0.842567 0.108459
vt 0.853869 0.108459
vt 0.865170 0.108459
vt 0.876472 0.108459
vt 0.887774 0.108459
vt 0.899076 0.108459
vt 0.765906 0.473181
vt 0.749566 0.473181
vt 0.749566 0.445948
vt 0.765906 0.445948
vt 0.782246 0.473181
vt 0.782246 0.445948
vt 0.798586 0.473181
vt 0.798586 0.445948
vt 0.814925 0.473181
vt 0.814925 0.445948
vt 0.831265 0.473181
vt 0.831265 0.445948
vt 0.847605 0.473181
vt 0.847605 0.445948
vt 0.863945 0.473181
vt 0.863945 0.445948
vt 0.880285 0.473181
vt 0.880285 0.445948
vt 0.896625 0.473181
vt 0.896625 0.445948
vt 0.912965 0.473181
vt 0.912965 0.445948
vt 0.749566 0.418715
vt 0.765906 0.418715
vt 0.782246 0.418715
vt 0.798586 0.418715
vt 0.814925 0.418715
vt 0.831265 0.418715
vt 0.847605 0.418715
vt 0.863945 0.418715
vt 0.880285 0.418715
vt 0.896625 0.418715
vt 0.912965 0.418715
vt 0.749566 0.391482
vt 0.765906 0.391482
vt 0.782246 0.391482
vt 0.798586 0.391482
vt 0.814925 0.391482
vt 0.831265 0.391482
vt 0.847605 0.391482
vt 0.863945 0.391482
vt 0.880285 0.391482
vt 0.896625 0.391482
vt 0.912965 0.391482
vt 0.749566 0.364249
vt 0.765906 0.364249
vt 0.782246 0.364249
vt 0.798586 0.364249
vt 0.814925 0.364249
vt 0.831265 0.364249
vt 0.847605 0.364249
vt 0.863945 0.364249
vt 0.880285 0.364249
vt 0.896625 0.364249
vt 0.912965 0.364249
vt 0.749566 0.337016
vt 0.765906 0.337016
vt 0.782246 0.337016
vt 0.798586 0.337016
vt 0.814925 0.337016
vt 0.831265 0.337016
vt 0.847605 0.337016
vt 0.863945 0.337016
vt 0.880285 0.337016
vt 0.896625 0.337016
vt 0.912965 0.337016
vt 0.749566 0.309783
vt 0.765906 0.309783
vt 0.782246 0.309783
vt 0.798586 0.309783
vt 0.814925 0.309783
vt 0.831265 0.309783
vt 0.847605 0.309783
vt 0.863945 0.309783
vt 0.880285 0.309783
vt 0.896625 0.309783
vt 0.912965 0.309783
vt 0.753223 0.693220
vt 0.735140 0.693220
vt 0.735140 0.663082
vt 0.753223 0.663082
vt 0.771306 0.693220
vt 0.771306 0.663082
vt 0.789388 0.693220
vt 0.789388 0.663082
vt 0.807471 0.693220
vt 0.807471 0.663082
vt 0.825554 0.693220
vt 0.825554 0.663082
vt 0.843637 0.693220
vt 0.843637 0.663082
vt 0.861719 0.693220
vt 0.861719 0.663082
vt 0.879802 0.693220
vt 0.879802 0.663082
vt 0.897885 0.693220
vt 0.897885 0.663082
vt 0.915968 0.693220
vt 0.915968 0.663082
vt 0.735140 0.632944
vt 0.753223 0.632944
vt 0.771306 0.632944
vt 0.789388 0.632944
vt 0.807471 0.632944
vt 0.825554 0.632944
vt 0.843637 0.632944
vt 0.861719 0.632944
vt 0.879802 0.632944
vt 0.897885 0.632944
vt 0.915968 0.632944
vt 0.735140 0.602806
vt 0.753223 0.602806
vt 0.771306 0.602806
vt 0.789388 0.602806
vt 0.807471 0.602806
vt 0.825554 0.602806
vt 0.843637 0.602806
vt 0.861719 0.602806
vt 0.879802 0.602806
vt 0.897885 0.602806
vt 0.915968 0.602806
vt 0.735140 0.572668
vt 0.753223 0.572668
vt 0.771306 0.572668
vt 0.789388 0.572668
vt 0.807471 0.572668
vt 0.825554 0.572668
vt 0.843637 0.572668
vt 0.861719 0.572668
vt 0.879802 0.572668
vt 0.897885 0.572668
vt 0.915968 0.572668
vt 0.735140 0.542530
vt 0.753223 0.542530
vt 0.771306 0.542530
vt 0.789388 0.542530
vt 0.807471 0.542530
vt 0.825554 0.542530
vt 0.843637 0.542530
vt 0.861719 0.542530
vt 0.879802 0.542530
vt 0.897885 0.542530
vt 0.915968 0.542530
vt 0.735140 0.512393
vt 0.753223 0.512393
vt 0.771306 0.512393
vt 0.789388 0.512393
vt 0.807471 0.512393
vt 0.825554 0.512393
vt 0.843637 0.512393
vt 0.861719 0.512393
vt 0.879802 0.512393
vt 0.897885 0.512393
vt 0.915968 0.512393
vt 0.756990 0.922682
vt 0.739848 0.922682
vt 0.739848 0.894114
vt 0.756990 0.894114
vt 0.774131 0.922682
vt 0.774131 0.894114
vt 0.791272 0.922682
vt 0.791272 0.894114
vt 0.808413 0.922682
vt 0.808413 0.894114
vt 0.825554 0.922682
vt 0.825554 0.894114
vt 0.842695 0.922682
vt 0.842695 0.894114
vt 0.859836 0.922682
vt 0.859836 0.894114
vt 0.876977 0.922682
vt 0.876977 0.894114
vt 0.894118 0.922682
vt 0.894118 0.894114
vt 0.911259 0.922682
vt 0.911259 0.894114
vt 0.739848 0.865545
vt 0.756990 0.865545
vt 0.774131 0.865545
vt 0.791272 0.865545
vt 0.808413 0.865545
vt 0.825554 0.865545
vt 0.842695 0.865545
vt 0.859836 0.865545
vt 0.876977 0.865545
vt 0.894118 0.865545
vt 0.911259 0.865545
vt 0.739848 0.836977
vt 0.756990 0.836977
vt 0.774131 0.836977
vt 0.791272 0.836977
vt 0.808413 0.836977
vt 0.825554 0.836977
vt 0.842695 0.836977
vt 0.859836 0.836977
vt 0.876977 0.836977
vt 0.894118 0.836977
vt 0.911259 0.836977
vt 0.739848 0.808408
vt 0.756990 0.808408
vt 0.774131 0.808408
vt 0.791272 0.808408
vt 0.808413 0.808408
vt 0.825554 0.808408
vt 0.842695 0.808408
vt 0.859836 0.808408
vt 0.876977 0.808408
vt 0.894118 0.808408
vt 0.911259 0.808408
vt 0.739848 0.779840
vt 0.756990 0.779840
vt 0.774131 0.779840
vt 0.791272 0.779840
vt 0.808413 0.779840
vt 0.825554 0.779840
vt 0.842695 0.779840
vt 0.859836 0.779840
vt 0.876977 0.779840
vt 0.894118 0.779840
vt 0.911259 0.779840
vt 0.739848 0.751271
vt 0.756990 0.751271
vt 0.774131 0.751271
vt 0.791272 0.751271
vt 0.808413 0.751271
vt 0.825554 0.751271
vt 0.842695 0.751271
vt 0.859836 0.751271
vt 0.876977 0.751271
vt 0.894118 0.751271
vt 0.911259 0.751271
vt 0.904450 0.309783
vt 0.904450 0.473181
vt 0.904450 0.337016
vt 0.904450 0.364249
vt 0.904450 0.391482
vt 0.904450 0.418715
vt 0.904450 0.445948
vt 0.757951 0.309783
vt 0.757951 0.473181
vt 0.757951 0.337016
vt 0.757951 0.364249
vt 0.757951 0.391482
vt 0.757951 0.418715
vt 0.757951 0.445948
vt 0.774576 0.309783
vt 0.774576 0.473181
vt 0.774576 0.337016
vt 0.774576 0.364249
vt 0.774576 0.391482
vt 0.774576 0.418715
vt 0.774576 0.445948
vt 0.790817 0.309783
vt 0.790817 0.473181
vt 0.790817 0.337016
vt 0.790817 0.364249
vt 0.790817 0.391482
vt 0.790817 0.418715
vt 0.790817 0.445948
vt 0.806854 0.309783
vt 0.806854 0.473181
vt 0.806854 0.337016
vt 0.806854 0.364249
vt 0.806854 0.391482
vt 0.806854 0.418715
vt 0.806854 0.445948
vt 0.888389 0.309783
vt 0.888389 0.473181
vt 0.888389 0.337016
vt 0.888389 0.364249
vt 0.888389 0.391482
vt 0.888389 0.418715
vt 0.888389 0.445948
vt 0.872129 0.309783
vt 0.872129 0.473181
vt 0.872129 0.337016
vt 0.872129 0.364249
vt 0.872129 0.391482
vt 0.872129 0.418715
vt 0.872129 0.445948
vt 0.855780 0.309783
vt 0.855780 0.473181
vt 0.855780 0.337016
vt 0.855780 0.364249
vt 0.855780 0.391482
vt 0.855780 0.418715
vt 0.855780 0.445948
vt 0.840363 0.309783
vt 0.840363 0.473181
vt 0.840363 0.337016
vt 0.840363 0.364249
vt 0.840363 0.391482
vt 0.840363 0.418715
vt 0.840363 0.445948
vt 0.823351 0.309783
vt 0.823351 0.473181
vt 0.823351 0.337016
vt 0.823351 0.364249
vt 0.823351 0.391482
vt 0.823351 0.418715
vt 0.823351 0.445948
vt 0.762554 0.512393
vt 0.762554 0.693220
vt 0.762554 0.542530
vt 0.762554 0.572668
vt 0.762554 0.602806
vt 0.762554 0.632944
vt 0.762554 0.663082
vt 0.743477 0.512393
vt 0.743477 0.693220
vt 0.743477 0.542531
vt 0.743477 0.572668
vt 0.743477 0.602806
vt 0.743477 0.632944
vt 0.743477 0.663082
vt 0.907976 0.512393
vt 0.907976 0.693220
vt 0.907976 0.542530
vt 0.907976 0.572668
vt 0.907976 0.602806
vt 0.907976 0.632944
vt 0.907976 0.663082
vt 0.779436 0.512393
vt 0.779436 0.693220
vt 0.779436 0.542530
vt 0.779436 0.572668
vt 0.779436 0.602806
vt 0.779436 0.632944
vt 0.779436 0.663082
vt 0.798336 0.512393
vt 0.798336 0.693220
vt 0.798336 0.542530
vt 0.798336 0.572668
vt 0.798336 0.602806
vt 0.798336 0.632944
vt 0.798336 0.663082
vt 0.816646 0.512393
vt 0.816646 0.693220
vt 0.816646 0.542530
vt 0.816646 0.572668
vt 0.816646 0.602806
vt 0.816646 0.632944
vt 0.816646 0.663082
vt 0.834264 0.512393
vt 0.834264 0.693220
vt 0.834264 0.542530
vt 0.834264 0.572668
vt 0.834264 0.602806
vt 0.834264 0.632944
vt 0.834264 0.663082
vt 0.852686 0.512393
vt 0.852686 0.693220
vt 0.852686 0.542530
vt 0.852686 0.572668
vt 0.852686 0.602806
vt 0.852686 0.632944
vt 0.852686 0.663082
vt 0.871194 0.512393
vt 0.871194 0.693220
vt 0.871194 0.542530
vt 0.871194 0.572668
vt 0.871194 0.602806
vt 0.871194 0.632944
vt 0.871194 0.663082
vt 0.888987 0.512393
vt 0.888987 0.693220
vt 0.888987 0.542530
vt 0.888987 0.572668
vt 0.888987 0.602806
vt 0.888987 0.632944
vt 0.888987 0.663082
vt 0.765036 0.751271
vt 0.765036 0.922682
vt 0.765036 0.779840
vt 0.765036 0.808408
vt 0.765036 0.836977
vt 0.765036 0.865545
vt 0.765036 0.894114
vt 0.747859 0.751271
vt 0.747859 0.922682
vt 0.747859 0.779840
vt 0.747859 0.808408
vt 0.747859 0.836977
vt 0.747859 0.865545
vt 0.747859 0.894114
vt 0.903709 0.751271
vt 0.903709 0.922682
vt 0.903709 0.779840
vt 0.903709 0.808408
vt 0.903709 0.836977
vt 0.903709 0.865545
vt 0.903709 0.894114
vt 0.783122 0.751271
vt 0.783122 0.922682
vt 0.783122 0.779840
vt 0.783122 0.808408
vt 0.783122 0.836977
vt 0.783122 0.865545
vt 0.783122 0.894114
vt 0.799547 0.751271
vt 0.799547 0.922682
vt 0.799547 0.779840
vt 0.799547 0.808408
vt 0.799547 0.836977
vt 0.799547 0.865545
vt 0.799547 0.894114
vt 0.817640 0.751271
vt 0.817640 0.922682
vt 0.817640 0.779840
vt 0.817640 0.808408
vt 0.817640 0.836977
vt 0.817640 0.865545
vt 0.817640 0.894114
vt 0.834808 0.751271
vt 0.834808 0.922682
vt 0.834808 0.779840
vt 0.834808 0.808408
vt 0.834808 0.836977
vt 0.834808 0.865545
vt 0.834808 0.894114
vt 0.851333 0.751271
vt 0.851333 0.922682
vt 0.851333 0.779840
vt 0.851333 0.808408
vt 0.851333 0.836977
vt 0.851333 0.865545
vt 0.851333 0.894114
vt 0.433877 0.491614
vt 0.448935 0.469805
vt 0.433877 0.501124
vt 0.433877 0.509158
vt 0.433877 0.512287
vt 0.433775 0.514061
vt 0.433877 0.516596
vt 0.433877 0.520581
vt 0.433877 0.532573
vt 0.433877 0.540339
vt 0.433877 0.549055
vt 0.433877 0.559922
vt 0.433877 0.591236
vt 0.433877 0.630510
vt 0.433877 0.635548
vt 0.433877 0.641124
vt 0.433877 0.647667
vt 0.433877 0.655562
vt 0.433877 0.665430
vt 0.433877 0.671215
vt 0.433877 0.676290
vt 0.433877 0.680061
vt 0.179077 0.135492
vt 0.433877 0.685259
vt 0.225146 0.465845
vt 0.179077 0.367281
vt 0.225146 0.493461
vt 0.225146 0.521076
vt 0.225146 0.548692
vt 0.225146 0.576308
vt 0.225146 0.603924
vt 0.225146 0.631540
vt 0.884669 0.751271
vt 0.884669 0.922682
vt 0.884669 0.779840
vt 0.884669 0.808408
vt 0.884669 0.836977
vt 0.884669 0.865545
vt 0.884669 0.894114
vt 0.869131 0.751271
vt 0.869131 0.922682
vt 0.869131 0.779840
vt 0.869131 0.808408
vt 0.869131 0.836977
vt 0.869131 0.865545
vt 0.869131 0.894114
vt 0.749566 0.377684
vt 0.912965 0.377684
vt 0.757951 0.377684
vt 0.765906 0.377684
vt 0.774576 0.377684
vt 0.782246 0.377684
vt 0.790817 0.377684
vt 0.798586 0.377684
vt 0.806854 0.377684
vt 0.814925 0.377684
vt 0.823351 0.377684
vt 0.831265 0.377684
vt 0.840363 0.377684
vt 0.847605 0.377684
vt 0.855780 0.377684
vt 0.863945 0.377684
vt 0.872129 0.377684
vt 0.880285 0.377684
vt 0.888389 0.377684
vt 0.896625 0.377684
vt 0.904450 0.377684
vt 0.735140 0.584706
vt 0.915968 0.584706
vt 0.743477 0.584706
vt 0.753223 0.584706
vt 0.762554 0.584706
vt 0.771306 0.584706
vt 0.779436 0.584706
vt 0.789388 0.584706
vt 0.798336 0.584706
vt 0.807471 0.584706
vt 0.816646 0.584706
vt 0.825554 0.584706
vt 0.834264 0.584706
vt 0.843637 0.584706
vt 0.852686 0.584706
vt 0.861719 0.584706
vt 0.871194 0.584706
vt 0.879802 0.584706
vt 0.888987 0.584706
vt 0.897885 0.584706
vt 0.907976 0.584706
vt 0.739848 0.820736
vt 0.911259 0.820736
vt 0.747859 0.820736
vt 0.756990 0.820736
vt 0.765036 0.820736
vt 0.774131 0.820736
vt 0.783122 0.820736
vt 0.791272 0.820736
vt 0.799547 0.820736
vt 0.808413 0.820736
vt 0.817640 0.820736
vt 0.825554 0.820736
vt 0.834808 0.820736
vt 0.842695 0.820736
vt 0.851333 0.820736
vt 0.859836 0.820736
vt 0.869131 0.820736
vt 0.876977 0.820736
vt 0.884669 0.820736
vt 0.894118 0.820736
vt 0.903709 0.820736
vt 0.445961 0.491614
vt 0.472763 0.431237
vt 0.445961 0.501124
vt 0.445961 0.509158
vt 0.445961 0.512287
vt 0.445909 0.513986
vt 0.445961 0.516570
vt 0.445961 0.520581
vt 0.445961 0.532573
vt 0.445961 0.540339
vt 0.445961 0.549055
vt 0.445961 0.559922
vt 0.445961 0.591236
vt 0.445961 0.630510
vt 0.445961 0.635548
vt 0.445961 0.641124
vt 0.445961 0.647667
vt 0.445961 0.655562
vt 0.445961 0.665430
vt 0.445961 0.671215
vt 0.445961 0.676290
vt 0.445961 0.680061
vt 0.193541 0.135492
vt 0.445961 0.685259
vt 0.245877 0.465845
vt 0.193541 0.367281
vt 0.245877 0.493461
vt 0.245877 0.521076
vt 0.245877 0.548692
vt 0.245877 0.576308
vt 0.245877 0.603924
vt 0.245877 0.631540
vt 0.456808 0.491614
vt 0.472639 0.390560
vt 0.456808 0.501124
vt 0.456808 0.509158
vt 0.456808 0.512287
vt 0.456698 0.514640
vt 0.456808 0.513956
vt 0.456808 0.516570
vt 0.456808 0.520581
vt 0.456808 0.532573
vt 0.456808 0.540339
vt 0.456808 0.549055
vt 0.456808 0.559922
vt 0.456808 0.591236
vt 0.456808 0.630510
vt 0.456808 0.635548
vt 0.456808 0.641124
vt 0.456808 0.647667
vt 0.456808 0.655562
vt 0.456808 0.665430
vt 0.456808 0.671215
vt 0.456808 0.676290
vt 0.456808 0.680061
vt 0.206525 0.135492
vt 0.456808 0.685259
vt 0.264486 0.465845
vt 0.206525 0.367281
vt 0.264486 0.493461
vt 0.264486 0.521076
vt 0.264486 0.548692
vt 0.264486 0.576308
vt 0.264486 0.603924
vt 0.264486 0.631540
vt 0.338757 0.491614
vt 0.452334 0.355853
vt 0.338757 0.501124
vt 0.338757 0.509158
vt 0.338757 0.512287
vt 0.338861 0.514041
vt 0.338757 0.516592
vt 0.338757 0.520581
vt 0.338757 0.532573
vt 0.338757 0.540339
vt 0.338757 0.549055
vt 0.338757 0.559922
vt 0.338757 0.591236
vt 0.338757 0.630510
vt 0.338757 0.635548
vt 0.338757 0.641124
vt 0.338757 0.647667
vt 0.338757 0.655562
vt 0.338757 0.665430
vt 0.338757 0.671215
vt 0.338757 0.676290
vt 0.338757 0.680061
vt 0.065220 0.135492
vt 0.338757 0.685259
vt 0.061956 0.465845
vt 0.065220 0.367281
vt 0.061956 0.493461
vt 0.061956 0.521076
vt 0.061956 0.548692
vt 0.061956 0.576308
vt 0.061956 0.603924
vt 0.061956 0.631540
vt 0.370581 0.491614
vt 0.343406 0.355448
vt 0.370581 0.501124
vt 0.370581 0.509158
vt 0.370581 0.512287
vt 0.370478 0.514055
vt 0.370581 0.516593
vt 0.370581 0.520581
vt 0.370581 0.532573
vt 0.370581 0.540339
vt 0.370581 0.549055
vt 0.370581 0.559922
vt 0.370581 0.591236
vt 0.370581 0.630510
vt 0.370581 0.635548
vt 0.370581 0.641124
vt 0.370581 0.647667
vt 0.370581 0.655562
vt 0.370581 0.665430
vt 0.370581 0.671215
vt 0.370581 0.676290
vt 0.370581 0.680061
vt 0.103313 0.135492
vt 0.370581 0.685259
vt 0.116553 0.465845
vt 0.103313 0.367281
vt 0.116553 0.493461
vt 0.116553 0.521076
vt 0.116553 0.548692
vt 0.116553 0.576308
vt 0.116553 0.603924
vt 0.116553 0.631540
vt 0.382225 0.491614
vt 0.321917 0.393463
vt 0.382225 0.501124
vt 0.382225 0.509158
vt 0.382225 0.512287
vt 0.382179 0.513982
vt 0.382225 0.516569
vt 0.382225 0.520581
vt 0.382225 0.532573
vt 0.382225 0.540339
vt 0.382225 0.549055
vt 0.382225 0.559922
vt 0.382225 0.591236
vt 0.382225 0.630510
vt 0.382225 0.635548
vt 0.382225 0.641124
vt 0.382225 0.647667
vt 0.382225 0.655562
vt 0.382225 0.665430
vt 0.382225 0.671215
vt 0.382225 0.676290
vt 0.382225 0.680061
vt 0.117250 0.135492
vt 0.382225 0.685259
vt 0.136530 0.465845
vt 0.117250 0.367281
vt 0.136530 0.493461
vt 0.136530 0.521076
vt 0.136530 0.548692
vt 0.136530 0.576308
vt 0.136530 0.603924
vt 0.136530 0.631540
vt 0.392654 0.491614
vt 0.322928 0.432570
vt 0.392654 0.501124
vt 0.392654 0.509158
vt 0.392654 0.512287
vt 0.392710 0.513982
vt 0.392654 0.516571
vt 0.392654 0.520581
vt 0.392654 0.532573
vt 0.392654 0.540339
vt 0.392654 0.549055
vt 0.392654 0.559922
vt 0.392654 0.591236
vt 0.392654 0.630510
vt 0.392654 0.635548
vt 0.392654 0.641124
vt 0.392654 0.647667
vt 0.392654 0.655562
vt 0.392654 0.665430
vt 0.392654 0.671215
vt 0.392654 0.676290
vt 0.392654 0.680061
vt 0.129733 0.135492
vt 0.392654 0.685259
vt 0.154422 0.465845
vt 0.129733 0.367281
vt 0.154422 0.493461
vt 0.154422 0.521076
vt 0.154422 0.548692
vt 0.154422 0.576308
vt 0.154422 0.603924
vt 0.154422 0.631540
vt 0.445723 0.141083
vt 0.280328 0.089812
vt 0.433016 0.124444
vt 0.415276 0.108928
vt 0.395348 0.096276
vt 0.371755 0.088489
vt 0.348074 0.083914
vt 0.326073 0.082399
vt 0.301592 0.083636
vn 0.824934 0.458568 0.330454
vn 0.701011 0.652397 0.288031
vn 0.740039 0.670976 -0.046192
vn 0.879455 0.475645 0.017939
vn 0.453619 0.851308 0.263637
vn 0.241323 0.938146 0.248286
vn 0.254924 0.963731 -0.078965
vn 0.465024 0.882522 -0.070060
vn -0.004162 0.968128 0.250422
vn -0.259199 0.926457 0.272935
vn -0.279519 0.959600 -0.032210
vn -0.022288 0.998014 -0.058924
vn -0.470857 0.839143 0.272274
vn -0.693647 0.660384 0.287658
vn -0.732732 0.679008 -0.045302
vn -0.472300 0.880255 -0.045642
vn -0.814050 0.479423 0.327836
vn -0.903598 0.231957 0.360147
vn -0.968608 0.239771 0.065635
vn -0.867897 0.496512 0.015188
vn -0.929844 -0.006345 0.367901
vn -0.904557 -0.230443 0.358709
vn -0.968367 -0.241088 0.064353
vn -0.996563 -0.005729 0.082644
vn -0.815057 -0.465117 0.345469
vn -0.646646 -0.718594 0.255874
vn -0.732955 -0.678551 -0.048429
vn -0.870811 -0.491323 0.017045
vn -0.426784 -0.898892 0.099245
vn 0.000000 -0.999893 0.014639
vn -0.000000 -0.986381 -0.164478
vn -0.422448 -0.895402 -0.140688
vn 0.409843 -0.910719 0.051182
vn 0.395244 -0.906387 -0.149148
vn 0.664093 -0.717468 0.210285
vn 0.732741 -0.679147 -0.043023
vn 0.804256 -0.509946 0.305169
vn 0.904431 -0.230802 0.358796
vn 0.968450 -0.240694 0.064584
vn 0.864388 -0.502717 0.010458
vn 0.929545 0.010631 0.368554
vn 0.904883 0.230662 0.357746
vn 0.968419 0.240693 0.065043
vn 0.996594 0.010751 0.081763
vn 0.112378 0.329643 -0.937394
vn 0.213028 0.256124 -0.942878
vn 0.246985 0.175542 -0.952986
vn -0.000508 0.002233 -0.999997
vn -0.007618 0.335270 -0.942091
vn 0.055162 0.337145 -0.939835
vn -0.108293 0.317273 -0.942131
vn -0.070138 0.332701 -0.940421
vn -0.218626 0.174911 -0.960005
vn -0.210583 0.272115 -0.938940
vn -0.294247 0.000986 -0.955729
vn -0.326942 0.122611 -0.937057
vn -0.234788 -0.195798 -0.952123
vn -0.320200 -0.109189 -0.941037
vn -0.123541 -0.350042 -0.928552
vn -0.198151 -0.254173 -0.946643
vn 0.000071 -0.392493 -0.919755
vn 0.114356 -0.346161 -0.931180
vn 0.197109 -0.252254 -0.947373
vn 0.238248 -0.203374 -0.949672
vn 0.284773 0.004554 -0.958584
vn 0.316603 -0.109518 -0.942215
vn 0.314495 0.107752 -0.943124
vn 0.808714 0.463966 -0.361548
vn 0.671997 0.654641 -0.346215
vn 0.685647 0.683375 -0.250774
vn 0.834996 0.497515 -0.235078
vn 0.457086 0.812503 -0.361818
vn 0.250772 0.888502 -0.384288
vn 0.306892 0.868150 -0.390041
vn 0.475967 0.824363 -0.306399
vn -0.001403 0.909404 -0.415912
vn -0.280788 0.883172 -0.375721
vn -0.325082 0.864877 -0.382504
vn 0.000886 0.842843 -0.538159
vn -0.466084 0.812077 -0.351138
vn -0.665551 0.660733 -0.347093
vn -0.677092 0.691516 -0.251698
vn -0.481747 0.824563 -0.296675
vn -0.795163 0.488333 -0.359508
vn -0.897738 0.237477 -0.371040
vn -0.940637 0.257846 -0.220723
vn -0.822690 0.517906 -0.234425
vn -0.926949 -0.006778 -0.375125
vn -0.897908 -0.237485 -0.370625
vn -0.940591 -0.258016 -0.220718
vn -0.976680 -0.007866 -0.214557
vn -0.803903 -0.458845 -0.378418
vn -0.609454 -0.713835 -0.344973
vn -0.628975 -0.729206 -0.269536
vn -0.847852 -0.476812 -0.231943
vn 0.423966 -0.757205 -0.496884
vn 0.595784 -0.731378 -0.331856
vn 0.631259 -0.723759 -0.278721
vn 0.606605 -0.702844 -0.371538
vn 0.781776 -0.506037 -0.364353
vn 0.897721 -0.238046 -0.370717
vn 0.940753 -0.257783 -0.220301
vn 0.813276 -0.525367 -0.250145
vn 0.927455 0.010693 -0.373781
vn 0.897356 0.239007 -0.370982
vn 0.941037 0.257475 -0.219443
vn 0.976473 0.011012 -0.215358
vn 0.786483 0.009014 0.617547
vn 0.768568 0.181215 0.613567
vn 0.912008 0.223169 0.344146
vn 0.938796 0.010971 0.344298
vn 0.697312 -0.389714 0.601564
vn 0.766030 -0.179907 0.617116
vn 0.911425 -0.223989 0.345158
vn 0.811696 -0.473525 0.341941
vn 0.347180 -0.750880 0.561823
vn 0.612585 -0.541157 0.576098
vn 0.695912 -0.632908 0.339314
vn 0.376596 -0.866939 0.326486
vn -0.000000 -0.833070 0.553168
vn -0.000000 -0.944241 0.329255
vn -0.370543 -0.736863 0.565448
vn -0.400736 -0.855353 0.328303
vn -0.702114 -0.382671 0.600498
vn -0.611403 -0.540718 0.577763
vn -0.696628 -0.632236 0.339097
vn -0.816993 -0.463638 0.342873
vn -0.788728 -0.003422 0.614732
vn -0.765464 -0.179159 0.618035
vn -0.911096 -0.224788 0.345507
vn -0.939058 -0.003309 0.343744
vn -0.703918 0.386980 0.595606
vn -0.763550 0.179404 0.620327
vn -0.911148 0.223759 0.346036
vn -0.818599 0.463617 0.339049
vn -0.396369 0.726957 0.560737
vn -0.613622 0.539785 0.576281
vn -0.695127 0.635443 0.336172
vn -0.428188 0.841159 0.330312
vn -0.024460 0.836905 0.546801
vn -0.246909 0.828745 0.502213
vn -0.272026 0.904615 0.328137
vn -0.027884 0.944782 0.326512
vn 0.394734 0.721910 0.568358
vn 0.225788 0.836914 0.498592
vn 0.248994 0.911326 0.327852
vn 0.424155 0.843181 0.330362
vn 0.711402 0.364948 0.600600
vn 0.620650 0.535961 0.572311
vn 0.704199 0.625788 0.335400
vn 0.829535 0.442631 0.340513
vn 0.641623 0.402595 -0.652868
vn 0.490907 0.516817 -0.701363
vn 0.118565 0.117456 -0.985975
vn 0.149880 0.088849 -0.984704
vn 0.248260 0.602914 -0.758196
vn 0.141011 0.641070 -0.754417
vn 0.038477 0.158779 -0.986564
vn 0.056798 0.125394 -0.990480
vn -0.015343 0.617705 -0.786261
vn -0.160544 0.636431 -0.754441
vn -0.042525 0.156846 -0.986707
vn -0.003359 0.126482 -0.991963
vn -0.251485 0.609095 -0.752169
vn -0.475242 0.521382 -0.708736
vn -0.111288 0.114239 -0.987200
vn -0.059609 0.130582 -0.989644
vn -0.626316 0.431258 -0.649418
vn -0.748723 0.220488 -0.625139
vn -0.166490 0.045058 -0.985013
vn -0.151082 0.095947 -0.983854
vn -0.815226 -0.000828 -0.579142
vn -0.749250 -0.223070 -0.623590
vn -0.168875 -0.047446 -0.984495
vn -0.195711 -0.000469 -0.980661
vn -0.618497 -0.428560 -0.658634
vn -0.482901 -0.521859 -0.703186
vn -0.117469 -0.118580 -0.985971
vn -0.146498 -0.093230 -0.984808
vn -0.239447 -0.604494 -0.759771
vn -0.000000 -0.624379 -0.781121
vn -0.000011 -0.127457 -0.991844
vn -0.055231 -0.130092 -0.989962
vn 0.223976 -0.610189 -0.759937
vn 0.052408 -0.132580 -0.989786
vn 0.478820 -0.518725 -0.708276
vn 0.112566 -0.114494 -0.987026
vn 0.610227 -0.434343 -0.662547
vn 0.751565 -0.222395 -0.621040
vn 0.170454 -0.047251 -0.984232
vn 0.143436 -0.093871 -0.985198
vn 0.810310 0.012390 -0.585870
vn 0.756192 0.222517 -0.615354
vn 0.175787 0.048478 -0.983234
vn 0.190592 0.002380 -0.981666
vn 0.621793 0.396023 -0.675677
vn 0.483425 0.510660 -0.711004
vn 0.252575 0.619721 -0.743069
vn 0.126191 0.633227 -0.763610
vn -0.015098 0.642774 -0.765907
vn -0.149338 0.628337 -0.763473
vn -0.245926 0.621495 -0.743818
vn -0.476284 0.520617 -0.708598
vn -0.594967 0.438346 -0.673697
vn -0.740715 0.213367 -0.637037
vn -0.769784 0.001239 -0.638304
vn -0.738511 -0.213728 -0.639470
vn -0.593744 -0.431052 -0.679457
vn -0.467549 -0.518448 -0.715968
vn -0.246244 -0.615045 -0.749055
vn -0.000000 -0.649202 -0.760616
vn 0.227707 -0.619496 -0.751248
vn 0.469215 -0.519404 -0.714183
vn 0.589025 -0.437051 -0.679732
vn 0.738383 -0.214325 -0.639418
vn 0.776021 0.013953 -0.630553
vn 0.736722 0.215369 -0.640981
vn 0.881584 0.010824 0.471903
vn 0.853532 0.203587 0.479620
vn 0.789452 0.193302 0.582581
vn 0.819935 0.011241 0.572347
vn 0.750122 -0.430731 0.501784
vn 0.853277 -0.203230 0.480226
vn 0.788010 -0.193192 0.584566
vn 0.686720 -0.411731 0.599077
vn 0.342931 -0.755328 0.558460
vn 0.635980 -0.566717 0.523795
vn 0.581967 -0.529871 0.616888
vn 0.308336 -0.701839 0.642145
vn -0.000000 -0.820271 0.571975
vn 0.000000 -0.756753 0.653701
vn -0.366944 -0.744999 0.557072
vn -0.329745 -0.692155 0.642020
vn -0.754815 -0.423657 0.500768
vn -0.635309 -0.566000 0.525383
vn -0.582000 -0.529941 0.616797
vn -0.690948 -0.405873 0.598212
vn -0.881430 -0.002048 0.472311
vn -0.853171 -0.203214 0.480420
vn -0.787404 -0.193194 0.585381
vn -0.820861 -0.000213 0.571127
vn -0.757504 0.423957 0.496435
vn -0.853339 0.202615 0.480375
vn -0.787083 0.193091 0.585847
vn -0.697387 0.403774 0.592129
vn -0.388965 0.737933 0.551509
vn -0.637657 0.567620 0.520770
vn -0.582197 0.531777 0.615028
vn -0.344376 0.689300 0.637394
vn -0.024067 0.818329 0.574245
vn -0.237279 0.792510 0.561806
vn -0.217353 0.736463 0.640609
vn -0.021905 0.755406 0.654891
vn 0.389144 0.736945 0.552702
vn 0.214793 0.798913 0.561784
vn 0.194160 0.743105 0.640388
vn 0.343971 0.687344 0.639720
vn 0.770441 0.399952 0.496447
vn 0.644604 0.560426 0.520009
vn 0.591326 0.524418 0.612633
vn 0.710781 0.377346 0.593633
vn 0.679848 0.033722 0.732577
vn 0.651253 0.165255 0.740649
vn 0.628671 0.160002 0.761034
vn 0.661223 0.011303 0.750104
vn 0.603730 -0.309856 0.734506
vn 0.649996 -0.164203 0.741985
vn 0.627261 -0.159741 0.762251
vn 0.570055 -0.320705 0.756430
vn 0.428212 -0.510619 0.745589
vn 0.486066 -0.456518 0.745206
vn 0.461780 -0.434955 0.773028
vn 0.404268 -0.486442 0.774559
vn 0.185309 -0.644412 0.741886
vn 0.185309 -0.644412 0.741886
vn 0.172946 -0.605431 0.776880
vn 0.173489 -0.607148 0.775418
vn -0.185309 -0.644412 0.741886
vn -0.185309 -0.644412 0.741886
vn -0.173489 -0.607148 0.775418
vn -0.172946 -0.605431 0.776880
vn -0.532483 -0.405848 0.742799
vn -0.487238 -0.455687 0.744949
vn -0.461889 -0.434746 0.773081
vn -0.506813 -0.390187 0.768696
vn -0.683176 -0.001972 0.730251
vn -0.648957 -0.165494 0.742608
vn -0.626385 -0.160056 0.762905
vn -0.664335 0.025596 0.746997
vn -0.583219 0.353087 0.731564
vn -0.648879 0.159149 0.744062
vn -0.625667 0.158040 0.763914
vn -0.540268 0.379159 0.751232
vn -0.380783 0.549971 0.743328
vn -0.483656 0.456304 0.746903
vn -0.458907 0.435232 0.774582
vn -0.340451 0.532640 0.774847
vn -0.184797 0.642637 0.743551
vn -0.184680 0.642227 0.743934
vn -0.171140 0.599524 0.781846
vn -0.172783 0.604676 0.777504
vn 0.143368 0.654776 0.742102
vn 0.159555 0.650212 0.742810
vn 0.143024 0.607739 0.781151
vn 0.128072 0.618874 0.774979
vn 0.569885 0.362836 0.737280
vn 0.493814 0.449395 0.744441
vn 0.469996 0.426608 0.772728
vn 0.555477 0.332598 0.762118
vn 0.832907 0.471514 0.289724
vn 0.699410 0.664988 0.261949
vn 0.466275 0.849341 0.247401
vn 0.255242 0.932274 0.256355
vn -0.003590 0.960655 0.277721
vn -0.282360 0.928136 0.242563
vn -0.478078 0.846012 0.236020
vn -0.692245 0.672398 0.262063
vn -0.822095 0.491160 0.287962
vn -0.919913 0.239075 0.310811
vn -0.948093 -0.007167 0.317913
vn -0.919986 -0.239584 0.310204
vn -0.831065 -0.466862 0.302276
vn -0.602381 -0.756148 0.255688
vn -0.369472 -0.883730 0.287249
vn -0.000001 -0.927151 0.374689
vn 0.359519 -0.886022 0.292764
vn 0.597415 -0.765011 0.240529
vn 0.805599 -0.518064 0.287436
vn 0.919978 -0.239454 0.310326
vn 0.948338 0.010214 0.317096
vn 0.919940 0.239487 0.310413
vn 0.688616 0.374657 0.620838
vn 0.585441 0.531036 0.612585
vn 0.364897 0.724468 0.584804
vn 0.207426 0.774416 0.597707
vn -0.023565 0.820168 0.571637
vn -0.225240 0.769252 0.597928
vn -0.366877 0.720491 0.588467
vn -0.579678 0.539065 0.611050
vn -0.679590 0.390267 0.621168
vn -0.754204 0.187931 0.629172
vn -0.772066 -0.004204 0.635529
vn -0.753835 -0.188772 0.629363
vn -0.678653 -0.385696 0.625035
vn -0.577200 -0.534850 0.617070
vn -0.341595 -0.737954 0.582012
vn -0.000000 -0.817491 0.575942
vn 0.321270 -0.749164 0.579257
vn 0.576937 -0.535486 0.616765
vn 0.675731 -0.396062 0.621709
vn 0.753538 -0.188135 0.629909
vn 0.773658 0.008503 0.633547
vn 0.752598 0.187423 0.631244
vn 0.938245 0.011455 -0.345783
vn 0.913563 0.244571 -0.324944
vn 0.800685 -0.539284 -0.260913
vn 0.912833 -0.245183 -0.326529
vn 0.418104 -0.898346 -0.134771
vn 0.661032 -0.723632 -0.198479
vn 0.000001 -0.986486 -0.163844
vn -0.000001 -0.764035 -0.645175
vn -0.438786 -0.884047 -0.161021
vn -0.432104 -0.760897 -0.484068
vn -0.811496 -0.503090 -0.297280
vn -0.639687 -0.733716 -0.229044
vn -0.938660 -0.005855 -0.344794
vn -0.912952 -0.245242 -0.326152
vn -0.819322 0.509627 -0.262662
vn -0.911739 0.246397 -0.328666
vn -0.459005 0.878572 -0.132004
vn -0.694333 0.695658 -0.184287
vn -0.005889 0.997014 -0.076999
vn -0.255040 0.960702 -0.109573
vn 0.440199 0.890004 -0.118817
vn 0.236114 0.968288 -0.081669
vn 0.831771 0.486351 -0.267619
vn 0.703711 0.685570 -0.186506
vn 0.995761 0.010657 0.091359
vn 0.963016 0.255430 0.085770
vn 0.843586 -0.528639 0.094356
vn 0.963041 -0.255329 0.085788
vn 0.555914 -0.793404 0.247931
vn 0.655141 -0.743500 0.134157
vn -0.872829 -0.481266 0.080951
vn -0.660672 -0.741908 0.114387
vn -0.995764 -0.008263 0.091576
vn -0.963036 -0.255375 0.085704
vn -0.852799 0.517659 0.069018
vn -0.963083 0.255042 0.086164
vn -0.500360 0.864306 0.051146
vn -0.709903 0.702615 0.048685
vn -0.000894 0.981510 0.191407
vn -0.322508 0.941072 0.101841
vn 0.499574 0.864263 0.058948
vn 0.305557 0.945752 0.110399
vn 0.864496 0.497743 0.069981
vn 0.717228 0.695134 0.048718
vn 0.862679 0.486479 -0.138287
vn 0.329079 0.185302 -0.925943
vn 0.263714 0.247898 -0.932202
vn 0.721469 0.681783 -0.121052
vn 0.369423 0.095391 -0.924352
vn 0.956325 0.248269 -0.154288
vn 0.987275 0.011435 -0.158609
vn 0.383656 0.004900 -0.923463
vn 0.447984 0.885264 -0.124974
vn 0.164167 0.344130 -0.924459
vn 0.080628 0.319434 -0.944172
vn 0.241715 0.958176 -0.153206
vn -0.016729 0.986891 -0.160518
vn -0.010305 0.382441 -0.923922
vn -0.088578 0.318173 -0.943885
vn -0.264543 0.946619 -0.184200
vn -0.455674 0.878866 -0.141268
vn -0.161590 0.336241 -0.927809
vn -0.265520 0.256187 -0.929445
vn -0.713469 0.690932 -0.116510
vn -0.849474 0.509947 -0.135457
vn -0.319171 0.191912 -0.928062
vn -0.378352 0.098975 -0.920355
vn -0.957185 0.247359 -0.150365
vn -0.987038 -0.005405 -0.160395
vn -0.378181 -0.002265 -0.925729
vn -0.375859 -0.096975 -0.921589
vn -0.956501 -0.248911 -0.152147
vn -0.851909 -0.504676 -0.139831
vn -0.320064 -0.190436 -0.928059
vn -0.256558 -0.247738 -0.934240
vn -0.713564 -0.689896 -0.121941
vn -0.409478 -0.908699 -0.081205
vn -0.151602 -0.341919 -0.927420
vn -0.000131 -0.382614 -0.923908
vn -0.000060 -0.997470 -0.071083
vn 0.140846 -0.344833 -0.928037
vn 0.383425 -0.920452 -0.075851
vn 0.261611 -0.251792 -0.931751
vn 0.713208 -0.690566 -0.120222
vn 0.845878 -0.516413 -0.133447
vn 0.319540 -0.195983 -0.927084
vn 0.374241 -0.096675 -0.922279
vn 0.956820 -0.248315 -0.151116
vn 0.858770 0.485223 0.164536
vn 0.721657 0.670676 0.171476
vn 0.722984 0.669252 0.171455
vn 0.858783 0.485202 0.164535
vn 0.380153 0.909170 0.169982
vn 0.208002 0.964726 0.161369
vn 0.207547 0.964822 0.161377
vn 0.379058 0.909631 0.169958
vn -0.026558 0.985792 0.165855
vn -0.261241 0.951909 0.160072
vn -0.261241 0.951909 0.160071
vn -0.026559 0.985792 0.165855
vn -0.367539 0.915298 0.164759
vn -0.704235 0.688659 0.172633
vn -0.705367 0.687502 0.172621
vn -0.365993 0.915927 0.164703
vn -0.812677 0.558652 0.165720
vn -0.952531 0.248696 0.175600
vn -0.953572 0.244723 0.175532
vn -0.813232 0.557845 0.165719
vn -0.986381 0.014096 0.163872
vn -0.952549 -0.249751 0.173996
vn -0.952597 -0.249569 0.173996
vn -0.986385 0.013824 0.163871
vn -0.793384 -0.586326 0.163596
vn -0.705971 -0.689479 0.161938
vn -0.706073 -0.689374 0.161937
vn -0.793042 -0.586794 0.163575
vn -0.406238 -0.898772 0.164864
vn -0.000000 -0.986052 0.166439
vn 0.000000 -0.986052 0.166439
vn -0.406260 -0.898762 0.164865
vn 0.378110 -0.911046 0.164403
vn 0.377764 -0.911191 0.164395
vn 0.705661 -0.689587 0.162827
vn 0.706282 -0.688954 0.162816
vn 0.793220 -0.586532 0.163653
vn 0.952703 -0.249844 0.173016
vn 0.952923 -0.249005 0.173014
vn 0.792865 -0.587017 0.163633
vn 0.986246 0.022307 0.163772
vn 0.953324 0.249718 0.169746
vn 0.953286 0.249863 0.169746
vn 0.986248 0.022196 0.163772
vn 0.605138 0.147872 0.782267
vn 0.642936 -0.009877 0.765856
vn 0.602279 -0.148658 0.784322
vn 0.537158 -0.330494 0.776038
vn 0.440022 -0.411071 0.798374
vn 0.377746 -0.459490 0.803851
vn 0.159753 -0.563653 0.810416
vn 0.159753 -0.563653 0.810416
vn -0.159753 -0.563653 0.810416
vn -0.159753 -0.563653 0.810416
vn -0.439257 -0.412296 0.798164
vn -0.481531 -0.374644 0.792319
vn -0.602049 -0.145504 0.785089
vn -0.646500 0.050491 0.761241
vn -0.595793 0.160629 0.786911
vn -0.497798 0.403017 0.767968
vn -0.438421 0.405677 0.802006
vn -0.301451 0.514845 0.802535
vn -0.159246 0.561863 0.811758
vn -0.158846 0.560455 0.812809
vn 0.128278 0.570995 0.810869
vn 0.110613 0.576915 0.809280
vn 0.452851 0.396167 0.798735
vn 0.542236 0.305979 0.782532
vn 0.800796 0.191094 0.567634
vn 0.833415 0.012415 0.552508
vn 0.799450 -0.190347 0.569779
vn 0.688450 -0.416449 0.593808
vn 0.582092 -0.524385 0.621442
vn 0.304853 -0.683501 0.663242
vn 0.000000 -0.733804 0.679361
vn -0.327882 -0.673987 0.661993
vn -0.581066 -0.525290 0.621637
vn -0.692433 -0.412019 0.592264
vn -0.799254 -0.188778 0.570575
vn -0.834275 0.001092 0.551347
vn -0.797718 0.193368 0.571187
vn -0.699224 0.410037 0.585624
vn -0.584999 0.522878 0.619979
vn -0.335033 0.676593 0.655725
vn -0.209845 0.717575 0.664116
vn -0.020977 0.730765 0.682307
vn 0.184401 0.724463 0.664191
vn 0.337092 0.673025 0.658336
vn 0.593958 0.515976 0.617237
vn 0.716895 0.377334 0.586242
vn 0.481312 0.280202 -0.830557
vn 0.401975 0.401975 -0.822698
vn 0.526177 0.526177 -0.668039
vn 0.645325 0.378217 -0.663708
vn 0.260860 0.488967 -0.832384
vn 0.146595 0.547103 -0.824129
vn 0.192649 0.718976 -0.667802
vn 0.350547 0.659697 -0.664768
vn -0.014548 0.553019 -0.833042
vn -0.146597 0.547102 -0.824129
vn -0.192408 0.718075 -0.668840
vn -0.019635 0.746413 -0.665193
vn -0.267589 0.485215 -0.832444
vn -0.401976 0.401973 -0.822699
vn -0.526207 0.526206 -0.667993
vn -0.359626 0.654690 -0.664869
vn -0.485529 0.273074 -0.830477
vn -0.552606 0.148071 -0.820184
vn -0.720412 0.193034 -0.666142
vn -0.650946 0.368615 -0.663620
vn -0.561022 -0.015903 -0.827648
vn -0.556689 -0.149164 -0.817219
vn -0.722064 -0.193477 -0.664222
vn -0.749490 -0.018722 -0.661751
vn -0.484609 -0.290486 -0.825089
vn -0.410144 -0.410148 -0.814592
vn -0.529700 -0.529701 -0.662446
vn -0.645322 -0.384231 -0.660247
vn -0.236913 -0.518302 -0.821727
vn -0.000001 -0.568844 -0.822446
vn -0.000001 -0.752427 -0.658675
vn -0.314366 -0.685032 -0.657195
vn 0.223049 -0.525796 -0.820845
vn 0.295693 -0.694436 -0.655991
vn 0.410146 -0.410147 -0.814592
vn 0.530248 -0.530248 -0.661569
vn 0.480241 -0.298139 -0.824914
vn 0.556698 -0.149167 -0.817212
vn 0.722051 -0.193473 -0.664237
vn 0.639401 -0.394364 -0.660033
vn 0.560871 0.000299 -0.827904
vn 0.552609 0.148072 -0.820182
vn 0.720304 0.193005 -0.666266
vn 0.749456 0.002948 -0.662047
vn 0.660625 0.660624 -0.356583
vn 0.806652 0.471945 -0.355782
vn 0.241885 0.902732 -0.355761
vn 0.438927 0.825162 -0.355600
vn -0.241817 0.902481 -0.356445
vn -0.024576 0.934285 -0.355680
vn -0.660630 0.660630 -0.356561
vn -0.450316 0.818950 -0.355721
vn -0.902489 0.241821 -0.356421
vn -0.813585 0.459896 -0.355775
vn -0.902446 -0.241810 -0.356539
vn -0.934294 -0.024157 -0.355684
vn -0.660628 -0.660627 -0.356570
vn -0.802649 -0.478740 -0.355756
vn -0.000000 -0.934566 -0.355788
vn -0.389679 -0.850021 -0.354423
vn 0.366172 -0.860789 -0.353499
vn 0.660815 -0.660814 -0.355878
vn 0.902428 -0.241805 -0.356588
vn 0.795110 -0.491237 -0.355649
vn 0.902430 0.241805 -0.356582
vn 0.934563 0.002851 -0.355787
vn 0.707108 0.707106 0.000001
vn 0.863127 0.504987 0.000000
vn 0.258817 0.965927 0.000000
vn 0.469622 0.882868 0.000001
vn -0.258817 0.965927 0.000000
vn -0.026295 0.999654 -0.000000
vn -0.707107 0.707106 0.000000
vn -0.481831 0.876264 0.000000
vn -0.965926 0.258819 0.000000
vn -0.870543 0.492093 0.000000
vn -0.965926 -0.258819 0.000000
vn -0.999666 -0.025847 0.000000
vn -0.707107 -0.707106 0.000000
vn -0.858835 -0.512252 0.000000
vn 0.000000 -1.000000 -0.000000
vn -0.416730 -0.909030 -0.000000
vn 0.391446 -0.920201 -0.000000
vn 0.707108 -0.707106 -0.000000
vn 0.965926 -0.258819 -0.000000
vn 0.850732 -0.525600 0.000000
vn 0.965926 0.258819 0.000000
vn 0.999995 0.003050 -0.000000
vn 0.660625 0.660624 0.356583
vn 0.806651 0.471945 0.355783
vn 0.241884 0.902733 0.355761
vn 0.438926 0.825162 0.355600
vn -0.241818 0.902480 0.356446
vn -0.024575 0.934284 0.355681
vn -0.660631 0.660629 0.356560
vn -0.450317 0.818949 0.355720
vn -0.902489 0.241821 0.356421
vn -0.813585 0.459896 0.355775
vn -0.902445 -0.241810 0.356539
vn -0.934294 -0.024157 0.355684
vn -0.660628 -0.660627 0.356571
vn -0.802649 -0.478740 0.355757
vn 0.000000 -0.934567 0.355788
vn -0.389678 -0.850021 0.354423
vn 0.366173 -0.860789 0.353498
vn 0.660815 -0.660813 0.355878
vn 0.902428 -0.241805 0.356587
vn 0.795111 -0.491236 0.355649
vn 0.902430 0.241806 0.356582
vn 0.934563 0.002851 0.355787
vn 0.527584 0.527582 0.665817
vn 0.646661 0.378340 0.662335
vn 0.193386 0.721729 0.664612
vn 0.351935 0.661621 0.662118
vn -0.193154 0.720864 0.665618
vn -0.019704 0.749056 0.662214
vn -0.527604 0.527602 0.665785
vn -0.361024 0.656561 0.662261
vn -0.720895 0.193163 0.665581
vn -0.652224 0.368684 0.662326
vn -0.720745 -0.193123 0.665755
vn -0.749061 -0.019367 0.662218
vn -0.527595 -0.527594 0.665799
vn -0.643469 -0.383799 0.662304
vn 0.000000 -0.749202 0.662342
vn -0.312817 -0.682360 0.660705
vn 0.294219 -0.691645 0.659593
vn 0.528235 -0.528236 0.664782
vn 0.720684 -0.193107 0.665826
vn 0.637494 -0.393859 0.662176
vn 0.720692 0.193109 0.665817
vn 0.749200 0.002286 0.662339
vn 0.301634 0.301634 0.904452
vn 0.380288 0.222042 0.897819
vn 0.110645 0.412917 0.904023
vn 0.213147 0.396089 0.893131
vn -0.110449 0.412189 0.904379
vn -0.009083 0.422764 0.906194
vn -0.301651 0.301650 0.904441
vn -0.214658 0.387512 0.896525
vn -0.412216 0.110453 0.904366
vn -0.388721 0.220402 0.894606
vn -0.412089 -0.110418 0.904428
vn -0.438111 -0.009547 0.898870
vn -0.301643 -0.301644 0.904446
vn -0.377851 -0.224242 0.898301
vn 0.000000 -0.487703 0.873010
vn -0.200435 -0.425721 0.882376
vn 0.188535 -0.426491 0.884624
vn 0.302184 -0.302186 0.904084
vn 0.412037 -0.110405 0.904453
vn 0.383642 -0.234838 0.893123
vn 0.412058 0.110410 0.904444
vn 0.441285 0.001142 0.897366
vn -0.000001 0.000000 1.000000
vn 0.994105 0.010726 -0.107893
vn 0.960206 0.257063 -0.109194
vn 0.847461 -0.519681 -0.108357
vn 0.960245 -0.256843 -0.109370
vn 0.653820 -0.756119 -0.028349
vn 0.680754 -0.728513 -0.076436
vn -0.870785 -0.478745 -0.111968
vn -0.678507 -0.730255 -0.079723
vn -0.994128 -0.008339 -0.107890
vn -0.960239 -0.256837 -0.109434
vn -0.847231 0.518959 -0.113495
vn -0.960337 0.256460 -0.109454
vn -0.513017 0.850585 -0.115412
vn -0.702444 0.701715 -0.119033
vn 0.516728 0.847965 -0.118096
vn 0.388243 0.915072 -0.109137
vn 0.859372 0.498532 -0.113776
vn 0.709731 0.694380 -0.118822
vn -0.416377 0.903350 -0.102905
vn -0.184581 0.641881 0.744257
vn -0.172464 0.603747 0.778297
vn -0.159543 0.562910 0.810974
vn 0.184814 0.642695 0.743496
vn 0.172764 0.604612 0.777559
vn 0.158791 0.560261 0.812953
vn -0.002030 0.843122 -0.537718
vn 0.296297 0.867322 -0.399952
vn -0.288401 0.868173 -0.403857
vn -0.393043 0.916456 -0.075003
vn -0.262255 0.953470 0.148719
vn -0.003907 0.976472 0.215609
vn 0.263665 0.953832 0.143823
vn 0.390305 0.916858 -0.083861
vn 0.418780 -0.805811 -0.418678
vn 0.000000 -0.805897 -0.592056
vn 0.000000 -0.645296 -0.763933
vn 0.540183 -0.645251 -0.540235
vn -0.418782 -0.805813 -0.418674
vn -0.540183 -0.645251 -0.540235
vn -0.592455 -0.805604 0.000106
vn -0.764064 -0.645141 -0.000052
vn -0.419077 -0.805395 0.419182
vn -0.540367 -0.645031 0.540313
vn 0.000001 -0.805306 0.592860
vn -0.000000 -0.644985 0.764195
vn 0.419076 -0.805394 0.419184
vn 0.540366 -0.645030 0.540315
vn 0.592454 -0.805604 0.000102
vn 0.764063 -0.645141 -0.000053
vn 0.000000 -0.349895 -0.936789
vn 0.662411 -0.349894 -0.662410
vn -0.662411 -0.349893 -0.662410
vn -0.936790 -0.349893 -0.000000
vn -0.662410 -0.349894 0.662410
vn 0.000000 -0.349894 0.936789
vn 0.662410 -0.349893 0.662410
vn 0.936789 -0.349894 0.000001
vn 0.000000 0.000000 -1.000000
vn 0.707106 0.000000 -0.707108
vn -0.707106 0.000000 -0.707108
vn -1.000000 -0.000000 -0.000000
vn -0.707106 0.000000 0.707107
vn -0.000000 0.000000 1.000000
vn 0.707107 0.000000 0.707107
vn 1.000000 0.000000 -0.000001
vn 0.000000 0.349892 -0.936790
vn 0.662409 0.349893 -0.662412
vn -0.662409 0.349893 -0.662412
vn -0.936790 0.349893 0.000000
vn -0.662408 0.349893 0.662413
vn -0.000000 0.349892 0.936790
vn 0.662409 0.349893 0.662411
vn 0.936790 0.349893 -0.000000
vn 0.000000 0.654263 -0.756267
vn 0.534760 0.654265 -0.534761
vn -0.534760 0.654265 -0.534761
vn -0.756265 0.654266 0.000001
vn -0.534759 0.654265 0.534761
vn -0.000000 0.654265 0.756265
vn 0.534760 0.654266 0.534760
vn 0.756265 0.654266 0.000002
vn 0.000000 0.868197 -0.496220
vn 0.350881 0.868197 -0.350878
vn -0.350881 0.868197 -0.350880
vn -0.496220 0.868197 -0.000000
vn -0.350881 0.868197 0.350880
vn 0.000000 0.868196 0.496220
vn 0.350881 0.868198 0.350878
vn 0.496220 0.868197 -0.000000
vn -0.000000 1.000000 0.000000
vn -0.596130 -0.721934 -0.351341
vn -0.642156 -0.765686 -0.036886
vn -0.548989 -0.808539 0.211839
vn -0.446031 -0.497412 0.744068
vn -0.423398 -0.474267 0.771884
vn -0.397148 -0.447335 0.801352
vn 0.559130 -0.807174 -0.189324
vn 0.399523 -0.848438 -0.347181
vn 0.605999 -0.498522 -0.619871
vn 0.808656 -0.507456 -0.297598
vn 0.000000 -0.891390 -0.453237
vn 0.000000 -0.507482 -0.861663
vn -0.399523 -0.848438 -0.347181
vn -0.605999 -0.498522 -0.619871
vn -0.559130 -0.807174 -0.189324
vn -0.808656 -0.507456 -0.297598
vn -0.599298 -0.800526 0.000000
vn -0.848157 -0.529745 0.000000
vn -0.558592 -0.804552 0.201670
vn -0.798363 -0.508115 0.323165
vn -0.394363 -0.820267 0.414294
vn -0.570405 -0.483875 0.663704
vn -0.000000 -0.831188 0.555992
vn 0.000000 -0.476604 0.879118
vn 0.394363 -0.820267 0.414294
vn 0.570405 -0.483874 0.663704
vn 0.558592 -0.804552 0.201670
vn 0.798363 -0.508115 0.323165
vn 0.599298 -0.800526 -0.000000
vn 0.848157 -0.529745 -0.000000
vn 0.000000 -1.000000 -0.000000
vn 0.673304 -0.047946 -0.737810
vn 0.913076 -0.157575 -0.376116
vn 0.000000 0.046362 -0.998925
vn -0.673303 -0.047946 -0.737810
vn -0.913076 -0.157575 -0.376116
vn -0.979701 -0.200465 0.000000
vn -0.901327 -0.163629 0.401043
vn -0.598139 -0.067979 0.798504
vn -0.000000 -0.006757 0.999977
vn 0.598139 -0.067979 0.798504
vn 0.901327 -0.163629 0.401043
vn 0.979701 -0.200465 -0.000000
vn 0.635245 0.231642 -0.736754
vn 0.900992 0.168906 -0.399605
vn -0.000000 0.300210 -0.953873
vn -0.635245 0.231642 -0.736754
vn -0.900992 0.168906 -0.399605
vn -0.988357 0.152153 0.000000
vn -0.883239 0.185556 0.430649
vn -0.559233 0.272597 0.782911
vn -0.000000 0.334960 0.942232
vn 0.559233 0.272597 0.782911
vn 0.883239 0.185556 0.430649
vn 0.988357 0.152153 -0.000000
vn 0.586187 0.256441 -0.768520
vn 0.875806 0.192853 -0.442461
vn -0.000000 0.297266 -0.954795
vn -0.586187 0.256441 -0.768520
vn -0.875806 0.192854 -0.442461
vn -0.988154 0.153463 0.000305
vn -0.866573 0.178612 0.465992
vn -0.507351 0.239051 0.827919
vn 0.000000 0.270149 0.962819
vn 0.507351 0.239051 0.827919
vn 0.866573 0.178612 0.465992
vn 0.988154 0.153463 0.000305
vn 0.589495 0.172282 -0.789186
vn 0.879605 0.051266 -0.472935
vn 0.000000 0.244935 -0.969540
vn -0.589495 0.172282 -0.789186
vn -0.879605 0.051266 -0.472935
vn -0.999204 -0.038302 -0.011200
vn -0.865750 -0.066768 0.496003
vn -0.508932 -0.055582 0.859010
vn -0.000000 -0.038414 0.999262
vn 0.508932 -0.055582 0.859010
vn 0.865750 -0.066768 0.496003
vn 0.999204 -0.038302 -0.011200
vn 0.533000 0.148146 -0.833045
vn 0.842511 0.040751 -0.537135
vn 0.000000 0.207064 -0.978327
vn -0.533000 0.148146 -0.833045
vn -0.842511 0.040751 -0.537135
vn -0.995245 -0.096843 -0.010464
vn -0.825645 -0.232173 0.514205
vn -0.559622 -0.361657 0.745673
vn -0.000000 -0.370547 0.928814
vn 0.559622 -0.361657 0.745673
vn 0.825645 -0.232173 0.514204
vn 0.995245 -0.096843 -0.010464
vn 0.826878 0.035643 -0.561250
vn 0.510977 0.138555 -0.848354
vn 0.503529 0.096484 -0.858574
vn 0.820863 -0.079817 -0.565520
vn 0.000000 0.180925 -0.983497
vn -0.000000 0.155114 -0.987897
vn -0.510977 0.138555 -0.848354
vn -0.503529 0.096485 -0.858574
vn -0.826878 0.035643 -0.561251
vn -0.820863 -0.079817 -0.565520
vn -0.988637 -0.149385 -0.016747
vn -0.947433 -0.319825 0.009132
vn -0.815125 -0.293941 0.499169
vn -0.750519 -0.361213 0.553396
vn -0.718571 -0.285601 0.634104
vn -0.545930 -0.220266 0.808358
vn 0.718572 -0.285601 0.634103
vn 0.815125 -0.293941 0.499169
vn 0.750519 -0.361213 0.553396
vn 0.545930 -0.220266 0.808359
vn 0.988637 -0.149385 -0.016747
vn 0.947432 -0.319826 0.009132
vn 0.465774 -0.098550 -0.879399
vn 0.780348 -0.329217 -0.531671
vn 0.000001 0.022976 -0.999736
vn -0.465773 -0.098553 -0.879399
vn -0.780346 -0.329222 -0.531671
vn -0.886315 -0.463082 0.000514
vn -0.702891 -0.542891 0.459580
vn -0.393390 -0.532127 0.749724
vn -0.000000 -0.112156 0.993691
vn 0.000001 -0.479596 0.877490
vn 0.393391 -0.532124 0.749725
vn 0.702894 -0.542886 0.459581
vn 0.886318 -0.463076 0.000514
vn 0.076523 -0.304092 0.949564
vn -0.000000 -0.274737 0.961519
vn -0.000000 -0.377179 0.926140
vn -0.076523 -0.304092 0.949564
vn -0.108221 -0.374964 0.920701
vn -0.076524 -0.445836 0.891838
vn 0.000000 -0.475192 0.879882
vn 0.076524 -0.445836 0.891838
vn 0.108221 -0.374964 0.920701
vn 0.701919 0.600792 0.382569
vn 0.523917 0.231915 0.819589
vn 0.740933 -0.253306 0.621976
vn 0.992236 -0.048024 0.114721
vn 0.000000 0.432900 0.901442
vn 0.000000 0.869699 0.493582
vn -0.523916 0.231914 0.819590
vn -0.701919 0.600792 0.382569
vn -0.740931 -0.253307 0.621978
vn -0.992236 -0.048024 0.114722
vn -0.523919 -0.738528 0.424366
vn -0.701305 -0.696274 -0.152887
vn 0.000000 -0.939514 0.342512
vn 0.000000 -0.964615 -0.263662
vn 0.523920 -0.738528 0.424364
vn 0.701305 -0.696274 -0.152887
vn 0.698744 0.700394 0.145619
vn -0.000000 0.962519 0.271215
vn -0.698744 0.700395 0.145618
vn -0.989653 0.062308 -0.129249
vn -0.727500 -0.586047 -0.356781
vn 0.000000 -0.906487 -0.422234
vn 0.727500 -0.586047 -0.356781
vn 0.989653 0.062309 -0.129249
vn 0.706073 0.706073 0.054059
vn 0.922529 0.382124 0.054059
vn 0.923454 0.382507 -0.030346
vn 0.706781 0.706781 -0.030347
vn 0.382125 0.922528 0.054060
vn 0.382508 0.923454 -0.030347
vn 0.000000 0.998538 0.054059
vn 0.000000 0.999539 -0.030348
vn -0.382123 0.922529 0.054057
vn -0.382507 0.923454 -0.030348
vn -0.706073 0.706073 0.054057
vn -0.706780 0.706782 -0.030348
vn -0.922529 0.382124 0.054058
vn -0.923454 0.382508 -0.030347
vn -0.998538 0.000000 0.054059
vn -0.999539 0.000000 -0.030347
vn -0.922529 -0.382124 0.054059
vn -0.923454 -0.382507 -0.030347
vn -0.706073 -0.706073 0.054058
vn -0.706781 -0.706781 -0.030348
vn -0.382124 -0.922529 0.054058
vn -0.382507 -0.923454 -0.030347
vn 0.000000 -0.998538 0.054058
vn 0.000000 -0.999539 -0.030348
vn 0.382124 -0.922529 0.054058
vn 0.382507 -0.923454 -0.030348
vn 0.706073 -0.706073 0.054058
vn 0.706781 -0.706781 -0.030348
vn 0.922529 -0.382124 0.054059
vn 0.923454 -0.382507 -0.030347
vn 0.998538 -0.000000 0.054059
vn 0.999539 -0.000000 -0.030346
vn 0.117039 0.048480 0.991943
vn 0.435455 0.180370 0.881956
vn 0.333283 0.333283 0.881955
vn 0.089578 0.089578 0.991943
vn 0.873158 0.361674 0.326784
vn 0.668287 0.668286 0.326782
vn 0.180374 0.435458 0.881953
vn 0.048479 0.117039 0.991943
vn 0.361674 0.873157 0.326786
vn -0.000000 0.471340 0.881952
vn -0.000000 0.126683 0.991943
vn 0.000000 0.945097 0.326790
vn -0.180370 0.435455 0.881956
vn -0.048479 0.117039 0.991943
vn -0.361672 0.873159 0.326782
vn -0.333275 0.333279 0.881959
vn -0.089578 0.089577 0.991943
vn -0.668285 0.668291 0.326775
vn -0.435452 0.180369 0.881957
vn -0.117039 0.048479 0.991943
vn -0.873159 0.361674 0.326779
vn -0.471331 0.000000 0.881957
vn -0.126683 0.000000 0.991943
vn -0.945099 0.000000 0.326784
vn -0.435451 -0.180371 0.881958
vn -0.117039 -0.048479 0.991943
vn -0.873158 -0.361673 0.326784
vn -0.333282 -0.333281 0.881956
vn -0.089578 -0.089578 0.991943
vn -0.668286 -0.668286 0.326784
vn -0.180371 -0.435454 0.881956
vn -0.048479 -0.117039 0.991943
vn -0.361673 -0.873157 0.326786
vn 0.000000 -0.471330 0.881957
vn 0.000000 -0.126682 0.991943
vn 0.000000 -0.945099 0.326786
vn 0.180371 -0.435454 0.881956
vn 0.048479 -0.117039 0.991943
vn 0.361673 -0.873157 0.326786
vn 0.333282 -0.333281 0.881956
vn 0.089578 -0.089578 0.991943
vn 0.668286 -0.668286 0.326785
vn 0.435452 -0.180371 0.881957
vn 0.117039 -0.048479 0.991943
vn 0.873158 -0.361674 0.326784
vn 0.471331 0.000000 0.881957
vn 0.126682 0.000000 0.991943
vn 0.945099 -0.000000 0.326784
vn 0.754939 0.312706 -0.576440
vn 0.577805 0.577805 -0.576439
vn 0.115716 0.047931 -0.992125
vn 0.088565 0.088565 -0.992125
vn 0.312707 0.754939 -0.576438
vn 0.047931 0.115716 -0.992125
vn 0.000000 0.817140 -0.576439
vn -0.000000 0.125250 -0.992125
vn -0.312706 0.754939 -0.576439
vn -0.047931 0.115716 -0.992125
vn -0.577805 0.577806 -0.576439
vn -0.088565 0.088565 -0.992125
vn -0.754938 0.312706 -0.576440
vn -0.115716 0.047931 -0.992125
vn -0.817140 0.000000 -0.576440
vn -0.125250 0.000000 -0.992125
vn -0.754939 -0.312706 -0.576440
vn -0.115716 -0.047931 -0.992125
vn -0.577806 -0.577805 -0.576439
vn -0.088565 -0.088565 -0.992125
vn -0.312707 -0.754940 -0.576438
vn -0.047931 -0.115716 -0.992125
vn 0.000000 -0.817141 -0.576438
vn 0.000000 -0.125250 -0.992125
vn 0.312706 -0.754939 -0.576439
vn 0.047931 -0.115716 -0.992125
vn 0.577805 -0.577806 -0.576439
vn 0.088565 -0.088565 -0.992125
vn 0.754938 -0.312707 -0.576440
vn 0.115716 -0.047931 -0.992125
vn 0.817140 -0.000000 -0.576439
vn 0.125250 -0.000000 -0.992125
vn -0.707107 -0.707107 -0.000000
vn -0.923880 -0.382683 0.000000
vn -0.919783 -0.380986 0.094068
vn -0.703972 -0.703971 0.094066
vn -0.382682 -0.923880 -0.000000
vn -0.380985 -0.919784 0.094066
vn 0.000000 -1.000000 0.000000
vn -0.000000 -0.995566 0.094067
vn 0.382682 -0.923880 -0.000000
vn 0.380985 -0.919784 0.094067
vn 0.707106 -0.707107 -0.000000
vn 0.703971 -0.703972 0.094067
vn 0.923879 -0.382684 0.000000
vn 0.919783 -0.380987 0.094068
vn 1.000000 -0.000001 0.000000
vn 0.995566 -0.000001 0.094068
vn 0.923879 0.382684 0.000001
vn 0.919783 0.380987 0.094069
vn 0.707107 0.707106 0.000001
vn 0.703971 0.703971 0.094069
vn 0.382684 0.923879 0.000000
vn 0.380987 0.919783 0.094068
vn 0.000000 1.000000 -0.000000
vn 0.000000 0.995566 0.094068
vn -0.382684 0.923879 0.000000
vn -0.380987 0.919783 0.094068
vn -0.707107 0.707107 0.000000
vn -0.703971 0.703972 0.094069
vn -0.923879 0.382684 0.000000
vn -0.919783 0.380987 0.094068
vn -1.000000 0.000000 0.000000
vn -0.995566 0.000000 0.094068
vn -0.045533 -0.045533 0.997925
vn -0.059492 -0.024642 0.997925
vn -0.024642 -0.059492 0.997925
vn -0.000000 -0.064393 0.997925
vn 0.024642 -0.059492 0.997925
vn 0.045533 -0.045533 0.997925
vn 0.059492 -0.024642 0.997925
vn 0.064393 -0.000000 0.997925
vn 0.059492 0.024642 0.997925
vn 0.045533 0.045533 0.997925
vn 0.024642 0.059492 0.997925
vn 0.000000 0.064393 0.997925
vn -0.024642 0.059492 0.997925
vn -0.045533 0.045533 0.997925
vn -0.059492 0.024642 0.997925
vn -0.064393 0.000000 0.997925
vn -0.878456 -0.363868 0.309703
vn -0.672341 -0.672341 0.309700
vn -0.442851 -0.183434 0.877630
vn -0.338941 -0.338940 0.877632
vn -0.363868 -0.878456 0.309700
vn -0.183434 -0.442850 0.877631
vn -0.000000 -0.950834 0.309700
vn -0.000000 -0.479340 0.877629
vn 0.363867 -0.878457 0.309699
vn 0.183433 -0.442850 0.877631
vn 0.672340 -0.672341 0.309702
vn 0.338941 -0.338941 0.877632
vn 0.878455 -0.363869 0.309703
vn 0.442849 -0.183434 0.877631
vn 0.950834 -0.000001 0.309702
vn 0.479338 -0.000000 0.877630
vn 0.878456 0.363868 0.309702
vn 0.442852 0.183436 0.877629
vn 0.672341 0.672341 0.309702
vn 0.338944 0.338944 0.877630
vn 0.363868 0.878456 0.309702
vn 0.183435 0.442850 0.877631
vn -0.000000 0.950833 0.309703
vn 0.000000 0.479338 0.877630
vn -0.363869 0.878456 0.309701
vn -0.183435 0.442850 0.877630
vn -0.672340 0.672341 0.309702
vn -0.338944 0.338944 0.877630
vn -0.878455 0.363869 0.309703
vn -0.442852 0.183436 0.877630
vn -0.950834 0.000000 0.309701
vn -0.479339 0.000000 0.877630
vn -0.703972 -0.703971 -0.094067
vn -0.919783 -0.380986 -0.094067
vn -0.380986 -0.919784 -0.094066
vn 0.000000 -0.995566 -0.094067
vn 0.380985 -0.919784 -0.094067
vn 0.703971 -0.703972 -0.094067
vn 0.919783 -0.380987 -0.094067
vn 0.995566 -0.000001 -0.094068
vn 0.919783 0.380987 -0.094068
vn 0.703972 0.703971 -0.094068
vn 0.380987 0.919783 -0.094067
vn -0.000000 0.995566 -0.094067
vn -0.380987 0.919783 -0.094067
vn -0.703971 0.703972 -0.094068
vn -0.919783 0.380987 -0.094068
vn -0.995566 0.000001 -0.094067
vn -0.057630 -0.023871 -0.998053
vn -0.044108 -0.044108 -0.998053
vn -0.023871 -0.057630 -0.998053
vn -0.000000 -0.062377 -0.998053
vn 0.023871 -0.057630 -0.998053
vn 0.044108 -0.044108 -0.998053
vn 0.057630 -0.023871 -0.998053
vn 0.062378 -0.000000 -0.998053
vn 0.057629 0.023871 -0.998053
vn 0.044108 0.044108 -0.998053
vn 0.023871 0.057630 -0.998053
vn 0.000000 0.062378 -0.998053
vn -0.023871 0.057630 -0.998053
vn -0.044108 0.044108 -0.998053
vn -0.057629 0.023871 -0.998053
vn -0.062378 0.000000 -0.998053
vn -0.711516 -0.294719 -0.637876
vn -0.770140 0.000001 -0.637875
vn -0.544571 -0.544570 -0.637876
vn -0.294719 -0.711516 -0.637876
vn -0.000000 -0.770138 -0.637877
vn 0.294718 -0.711515 -0.637877
vn 0.544570 -0.544571 -0.637876
vn 0.711515 -0.294720 -0.637876
vn 0.770140 -0.000001 -0.637875
vn 0.711516 0.294720 -0.637875
vn 0.544571 0.544571 -0.637875
vn 0.294720 0.711516 -0.637875
vn -0.000000 0.770140 -0.637875
vn -0.294720 0.711517 -0.637874
vn -0.544571 0.544572 -0.637874
vn -0.711516 0.294720 -0.637875
vn -0.254710 -0.350766 0.901158
vn -0.587958 -0.808892 0.000001
vn -0.814050 -0.580794 0.000001
vn -0.346546 -0.247732 0.904729
vn 0.000225 -0.416847 0.908977
vn -0.000381 -1.000000 0.000000
vn -0.325769 -0.945449 0.000000
vn -0.141817 -0.414106 0.899113
vn 0.249386 -0.342092 0.905969
vn 0.586471 -0.809970 -0.000000
vn 0.321343 -0.946963 0.000000
vn 0.142717 -0.421614 0.895474
vn 0.419440 -0.136257 0.897499
vn 0.951045 -0.309051 0.000000
vn 0.824829 -0.565383 -0.000000
vn 0.355295 -0.245080 0.902054
vn 0.399243 0.130225 0.907550
vn 0.951411 0.307925 0.000000
vn 0.999032 -0.044001 0.000000
vn 0.432918 -0.017448 0.901265
vn 0.245414 0.339236 0.908125
vn 0.589286 0.807925 -0.000001
vn 0.810310 0.586002 -0.000000
vn 0.358739 0.259511 0.896638
vn -0.000002 0.401453 0.915880
vn 0.000002 1.000000 0.000001
vn 0.336363 0.941733 -0.000000
vn 0.153217 0.430653 0.889417
vn -0.251864 0.346830 0.903478
vn -0.588001 0.808860 0.000000
vn -0.361763 0.932270 0.000001
vn -0.161442 0.419862 0.893114
vn -0.394578 0.128290 0.909863
vn -0.951113 0.308845 -0.000000
vn -0.796044 0.605239 0.000000
vn -0.352751 0.267301 0.896726
vn -0.416947 -0.135251 0.898812
vn -0.950919 -0.309439 0.000000
vn -0.999123 -0.041863 0.000000
vn -0.437710 -0.016808 0.898959
vn 0.205836 0.295660 0.932854
vn 0.285706 0.216515 0.933538
vn 0.000492 0.388588 0.921412
vn 0.116198 0.365813 0.923406
vn -0.207419 0.301029 0.930784
vn -0.116809 0.360362 0.925470
vn -0.310973 0.104767 0.944627
vn -0.286276 0.208994 0.935076
vn -0.320015 -0.108472 0.941182
vn -0.336463 0.011074 0.941632
vn -0.209032 -0.301529 0.930261
vn -0.277860 -0.213784 0.936531
vn -0.000006 -0.396187 0.918170
vn -0.116221 -0.352551 0.928547
vn 0.207182 -0.298343 0.931701
vn 0.126010 -0.353448 0.926928
vn 0.322012 -0.109769 0.940350
vn 0.274290 -0.216846 0.936879
vn 0.312199 0.105454 0.944146
vn 0.333657 0.010497 0.942636
vn 0.580111 0.791013 0.194343
vn 0.808480 0.562613 0.172706
vn -0.000830 0.977667 0.210160
vn 0.316657 0.926429 0.203613
vn -0.583329 0.788798 0.193713
vn -0.320171 0.925057 0.204351
vn -0.937957 0.303187 0.168271
vn -0.815965 0.551518 0.173289
vn -0.939363 -0.300854 0.164574
vn -0.987287 0.027116 0.156620
vn -0.582555 -0.789727 0.192254
vn -0.799340 -0.574712 0.175388
vn 0.000011 -0.977964 0.208774
vn -0.320569 -0.924730 0.205208
vn 0.581288 -0.790455 0.193096
vn 0.343523 -0.916842 0.203455
vn 0.939933 -0.299481 0.163819
vn 0.792933 -0.583427 0.175701
vn 0.938223 0.302594 0.167853
vn 0.987161 0.025772 0.157638
vn 0.767137 0.570773 -0.292777
vn 0.559932 0.789556 -0.251152
vn 0.300417 0.929074 -0.215803
vn 0.000269 0.979090 -0.203426
vn -0.306220 0.926963 -0.216725
vn -0.558313 0.790925 -0.250449
vn -0.775899 0.558104 -0.294109
vn -0.896692 0.297405 -0.327864
vn -0.939673 0.027919 -0.340933
vn -0.895800 -0.299359 -0.328522
vn -0.762844 -0.576559 -0.292659
vn -0.557568 -0.790844 -0.252356
vn -0.309549 -0.925490 -0.218284
vn -0.000004 -0.978803 -0.204804
vn 0.330661 -0.917855 -0.219558
vn 0.559133 -0.789755 -0.252305
vn 0.755994 -0.585254 -0.293173
vn 0.895586 -0.300049 -0.328477
vn 0.939629 0.026607 -0.341159
vn 0.896623 0.297671 -0.327810
vn -0.254711 -0.350767 -0.901158
vn 0.225761 0.306637 -0.924665
vn 0.328969 0.231065 -0.915635
vn -0.346546 -0.247732 -0.904729
vn 0.000225 -0.416846 -0.908977
vn 0.000126 0.384124 -0.923282
vn 0.124755 0.364765 -0.922704
vn -0.141818 -0.414107 -0.899112
vn 0.249384 -0.342092 -0.905969
vn -0.228988 0.311107 -0.922376
vn -0.124741 0.360612 -0.924337
vn 0.142717 -0.421614 -0.895474
vn 0.419440 -0.136257 -0.897499
vn -0.367209 0.117946 -0.922630
vn -0.329272 0.223358 -0.917437
vn 0.355295 -0.245080 -0.902054
vn 0.399243 0.130225 -0.907550
vn -0.378488 -0.120840 -0.917685
vn -0.403675 0.012828 -0.914813
vn 0.432918 -0.017448 -0.901265
vn 0.245414 0.339236 -0.908125
vn -0.231710 -0.313206 -0.920985
vn -0.318303 -0.229520 -0.919785
vn 0.358739 0.259511 -0.896639
vn -0.000002 0.401454 -0.915879
vn -0.000001 -0.393101 -0.919495
vn -0.123364 -0.352644 -0.927590
vn 0.153217 0.430654 -0.889417
vn -0.251864 0.346830 -0.903479
vn 0.227289 -0.308533 -0.923660
vn 0.134616 -0.354840 -0.925185
vn -0.161442 0.419862 -0.893114
vn -0.394578 0.128290 -0.909863
vn 0.381345 -0.121823 -0.916371
vn 0.314950 -0.233635 -0.919903
vn -0.352751 0.267300 -0.896726
vn -0.416947 -0.135251 -0.898812
vn 0.368550 0.118438 -0.922032
vn 0.400272 0.012148 -0.916316
vn -0.437710 -0.016808 -0.898959
vn -0.246624 -0.338982 0.907892
vn -0.587413 -0.809287 0.000000
vn -0.822005 -0.569480 0.000001
vn -0.361380 -0.251407 0.897886
vn 0.000079 -0.398654 0.917101
vn -0.000093 -1.000000 0.000003
vn -0.351937 -0.936024 0.000001
vn -0.158634 -0.424631 0.891361
vn 0.243538 -0.336810 0.909532
vn 0.589508 -0.807763 0.000001
vn 0.344556 -0.938766 0.000003
vn 0.158263 -0.432828 0.887476
vn 0.401557 -0.130848 0.906438
vn 0.951334 -0.308162 -0.000000
vn 0.820711 -0.571344 0.000000
vn 0.363549 -0.253727 0.896356
vn 0.376527 0.122494 0.918272
vn 0.951157 0.308706 0.000000
vn 0.999095 -0.042541 -0.000000
vn 0.456530 -0.018684 0.889512
vn 0.233281 0.320731 0.917993
vn 0.587452 0.809259 -0.000000
vn 0.810028 0.586391 0.000000
vn 0.382033 0.276566 0.881795
vn -0.000001 0.388808 0.921319
vn 0.000000 1.000000 -0.000000
vn 0.326634 0.945151 -0.000000
vn 0.154657 0.447590 0.880763
vn -0.238781 0.329358 0.913514
vn -0.588791 0.808286 -0.000000
vn -0.357193 0.934031 -0.000000
vn -0.166038 0.435579 0.884704
vn -0.395337 0.128296 0.909532
vn -0.950953 0.309335 0.000001
vn -0.829977 0.557798 -0.000000
vn -0.377976 0.254673 0.890099
vn -0.413820 -0.134801 0.900323
vn -0.951222 -0.308508 0.000000
vn -0.998185 -0.060225 0.000001
vn -0.435119 -0.024370 0.900043
vn 0.200180 0.285454 0.937253
vn 0.271447 0.197148 0.942045
vn 0.000223 0.369963 0.929046
vn 0.117110 0.329166 0.936982
vn -0.200897 0.285020 0.937232
vn -0.112113 0.324809 0.939111
vn -0.310241 0.103654 0.944990
vn -0.270340 0.198257 0.942131
vn -0.321552 -0.108566 0.940648
vn -0.317491 0.010658 0.948202
vn -0.205029 -0.294849 0.933288
vn -0.257614 -0.190622 0.947258
vn -0.000006 -0.374951 0.927045
vn -0.107666 -0.321572 0.940744
vn 0.203490 -0.290682 0.934931
vn 0.116615 -0.321419 0.939729
vn 0.312787 -0.105087 0.943992
vn 0.268390 -0.187814 0.944824
vn 0.303917 0.101161 0.947313
vn 0.327083 0.017258 0.944838
vn 0.586258 0.786172 0.195541
vn 0.812813 0.558990 0.163906
vn -0.000543 0.973722 0.227738
vn 0.338743 0.915086 0.218795
vn -0.585431 0.787039 0.194525
vn -0.328728 0.918051 0.221634
vn -0.943143 0.300138 0.142824
vn -0.810674 0.562279 0.163248
vn -0.945258 -0.295868 0.137659
vn -0.990553 0.029026 0.134027
vn -0.591568 -0.783277 0.191114
vn -0.801849 -0.573253 0.168580
vn 0.000016 -0.974208 0.225653
vn -0.318233 -0.921496 0.222648
vn 0.588560 -0.785090 0.192952
vn 0.341692 -0.913716 0.219932
vn 0.943856 -0.298617 0.141293
vn 0.819213 -0.549682 0.163519
vn 0.942518 0.301673 0.143709
vn 0.990351 0.046037 0.130709
vn 0.770151 0.556954 -0.310919
vn 0.555264 0.783069 -0.280150
vn 0.324792 0.910048 -0.257530
vn 0.000305 0.968787 -0.247895
vn -0.316941 0.912711 -0.257888
vn -0.554546 0.783336 -0.280825
vn -0.768361 0.560011 -0.309854
vn -0.894602 0.296849 -0.334018
vn -0.939210 0.029313 -0.342091
vn -0.892661 -0.300259 -0.336155
vn -0.767388 -0.561432 -0.309694
vn -0.550549 -0.786074 -0.281039
vn -0.309648 -0.915367 -0.257334
vn -0.000010 -0.968594 -0.248648
vn 0.331109 -0.907446 -0.258666
vn 0.552880 -0.784442 -0.281023
vn 0.780144 -0.542270 -0.311960
vn 0.894056 -0.297722 -0.334702
vn 0.938134 0.046143 -0.343183
vn 0.895244 0.296004 -0.333046
vn -0.246624 -0.338982 -0.907892
vn 0.257973 0.344170 -0.902772
vn 0.364983 0.248104 -0.897347
vn -0.361380 -0.251408 -0.897886
vn 0.000079 -0.398655 -0.917101
vn -0.000023 0.429888 -0.902882
vn 0.146394 0.388854 -0.909594
vn -0.158634 -0.424631 -0.891361
vn 0.243538 -0.336810 -0.909532
vn -0.261016 0.346753 -0.900907
vn -0.139620 0.383492 -0.912929
vn 0.158262 -0.432828 -0.887476
vn 0.401558 -0.130848 -0.906438
vn -0.430143 0.135207 -0.892578
vn -0.364853 0.250491 -0.896737
vn 0.363549 -0.253728 -0.896356
vn 0.376526 0.122494 -0.918272
vn -0.446521 -0.138838 -0.883936
vn -0.447872 0.014519 -0.893980
vn 0.456530 -0.018684 -0.889512
vn 0.233281 0.320731 -0.917993
vn -0.268330 -0.354805 -0.895607
vn -0.346649 -0.245299 -0.905353
vn 0.382033 0.276566 -0.881795
vn -0.000001 0.388810 -0.921318
vn 0.000002 -0.436297 -0.899803
vn -0.133055 -0.380431 -0.915188
vn 0.154658 0.447591 -0.880763
vn -0.238781 0.329358 -0.913513
vn 0.263342 -0.349231 -0.899271
vn 0.145239 -0.381469 -0.912900
vn -0.166039 0.435580 -0.884704
vn -0.395337 0.128296 -0.909532
vn 0.434468 -0.136431 -0.890295
vn 0.363875 -0.240972 -0.899737
vn -0.377976 0.254673 -0.890099
vn -0.413820 -0.134801 -0.900323
vn 0.426177 0.134313 -0.894614
vn 0.459605 0.023220 -0.887820
vn -0.435120 -0.024370 -0.900043
vn -0.258099 -0.354730 0.898639
vn -0.587284 -0.809381 0.000001
vn -0.794402 -0.607393 0.000001
vn -0.344551 -0.262285 0.901383
vn -0.013123 -0.411730 0.911211
vn -0.035692 -0.999363 0.000001
vn -0.387313 -0.921948 0.000000
vn -0.169870 -0.410248 0.896014
vn 0.246134 -0.323038 0.913819
vn 0.612503 -0.790469 -0.000000
vn 0.309671 -0.950844 0.000001
vn 0.137854 -0.422724 0.895712
vn 0.378681 -0.124115 0.917167
vn 0.951836 -0.306608 -0.000001
vn 0.827538 -0.561409 -0.000001
vn 0.389892 -0.264593 0.882029
vn 0.403819 0.131810 0.905293
vn 0.951443 0.307824 0.000001
vn 0.997956 0.063908 0.000000
vn 0.452286 0.027803 0.891440
vn 0.248716 0.342717 0.905917
vn 0.588061 0.808817 0.000000
vn 0.800051 0.599932 0.000001
vn 0.351122 0.262934 0.898654
vn -0.000028 0.413825 0.910357
vn 0.000046 1.000000 0.000002
vn 0.312097 0.950050 0.000000
vn 0.139367 0.424938 0.894430
vn -0.239119 0.328907 0.913588
vn -0.587758 0.809037 0.000002
vn -0.312775 0.949827 0.000002
vn -0.141412 0.429418 0.891966
vn -0.395838 0.129455 0.909150
vn -0.951593 0.307360 0.000000
vn -0.826895 0.562357 0.000000
vn -0.378113 0.257738 0.889158
vn -0.406457 -0.132793 0.903968
vn -0.951503 -0.307640 -0.000000
vn -0.999671 -0.025634 0.000000
vn -0.437529 -0.010414 0.899144
vn 0.244924 0.350489 0.903974
vn 0.329198 0.262974 0.906903
vn 0.011390 0.462810 0.886384
vn 0.161238 0.418411 0.893831
vn -0.261470 0.363274 0.894240
vn -0.132501 0.429361 0.893360
vn -0.392998 0.133891 0.909740
vn -0.324259 0.230724 0.917400
vn -0.379569 -0.128262 0.916230
vn -0.392804 -0.020282 0.919399
vn -0.247235 -0.355802 0.901266
vn -0.330239 -0.261379 0.906986
vn -0.000068 -0.461675 0.887049
vn -0.132429 -0.429299 0.893401
vn 0.253367 -0.368948 0.894249
vn 0.134648 -0.424421 0.895398
vn 0.383475 -0.129955 0.914363
vn 0.329310 -0.237027 0.913987
vn 0.377842 0.127364 0.917068
vn 0.400937 0.008177 0.916069
vn 0.580901 0.791058 0.191784
vn 0.794652 0.582765 0.170040
vn 0.024351 0.976544 0.213937
vn 0.367206 0.907490 0.204016
vn -0.604519 0.773717 0.189522
vn -0.309677 0.928133 0.206566
vn -0.942436 0.296541 0.154528
vn -0.812541 0.557076 0.171590
vn -0.940754 -0.300579 0.156956
vn -0.987534 -0.045535 0.150679
vn -0.583898 -0.789066 0.190889
vn -0.794921 -0.582030 0.171294
vn 0.000128 -0.976807 0.214123
vn -0.306807 -0.928839 0.207675
vn 0.589882 -0.784724 0.190389
vn 0.313802 -0.926723 0.206669
vn 0.941351 -0.299189 0.156025
vn 0.813402 -0.555825 0.171569
vn 0.940514 0.301437 0.156746
vn 0.988623 0.017924 0.149342
vn 0.745507 0.585913 -0.317688
vn 0.557383 0.784371 -0.272189
vn 0.350217 0.905565 -0.239375
vn 0.023201 0.974965 -0.221146
vn -0.291303 0.927423 -0.234584
vn -0.566077 0.778377 -0.271452
vn -0.774863 0.544517 -0.321075
vn -0.884803 0.299083 -0.357314
vn -0.928488 -0.045095 -0.368613
vn -0.886437 -0.296479 -0.355428
vn -0.748474 -0.583842 -0.314508
vn -0.554446 -0.786601 -0.271753
vn -0.290439 -0.928034 -0.233235
vn -0.000052 -0.975273 -0.221004
vn 0.298235 -0.925103 -0.235031
vn 0.551361 -0.789428 -0.269822
vn 0.772044 -0.549198 -0.319890
vn 0.885865 -0.297646 -0.355880
vn 0.929107 0.017589 -0.369392
vn 0.886458 0.296045 -0.355738
vn -0.258100 -0.354731 -0.898638
vn 0.255283 0.346479 -0.902653
vn 0.362279 0.269379 -0.892294
vn -0.344551 -0.262285 -0.901383
vn -0.013123 -0.411729 -0.911212
vn 0.011802 0.437800 -0.898995
vn 0.165453 0.402860 -0.900183
vn -0.169872 -0.410248 -0.896013
vn 0.246135 -0.323038 -0.913818
vn -0.275713 0.354219 -0.893595
vn -0.136233 0.411466 -0.901186
vn 0.137855 -0.422725 -0.895712
vn 0.378679 -0.124115 -0.917168
vn -0.445811 0.140872 -0.883973
vn -0.357200 0.242431 -0.902017
vn 0.389889 -0.264593 -0.882030
vn 0.403819 0.131810 -0.905294
vn -0.430941 -0.137045 -0.891913
vn -0.451670 -0.022667 -0.891897
vn 0.452284 0.027803 -0.891441
vn 0.248718 0.342718 -0.905916
vn -0.262163 -0.354003 -0.897748
vn -0.360773 -0.266402 -0.893797
vn 0.351124 0.262934 -0.898653
vn -0.000028 0.413825 -0.910356
vn -0.000011 -0.436591 -0.899660
vn -0.134799 -0.408644 -0.902685
vn 0.139368 0.424939 -0.894429
vn -0.239118 0.328908 -0.913588
vn 0.267362 -0.360093 -0.893785
vn 0.137370 -0.406934 -0.903069
vn -0.141412 0.429419 -0.891965
vn -0.395839 0.129455 -0.909150
vn 0.435985 -0.138191 -0.889281
vn 0.361706 -0.245877 -0.899285
vn -0.378114 0.257738 -0.889158
vn -0.406456 -0.132792 -0.903969
vn 0.430055 0.136772 -0.892382
vn 0.460822 0.009212 -0.887445
vn -0.437529 -0.010414 -0.899144
vn 0.530066 -0.411269 0.741544
vn 0.505408 -0.393950 0.767702
vn 0.480844 -0.376640 0.791790
vn 0.681741 -0.010147 0.731524
vn 0.662510 0.014340 0.748916
vn 0.644497 0.036343 0.763742
vn 0.614991 0.282205 0.736306
vn 0.584624 0.289232 0.757997
vn 0.553650 0.295794 0.778446
vn 0.423200 0.518982 0.742670
vn 0.390306 0.500125 0.773005
vn 0.356076 0.479837 0.801852
vn -0.574054 0.357531 0.736637
vn -0.559773 0.326884 0.761447
vn -0.546854 0.300371 0.781491
vn -0.680393 0.008332 0.732800
vn -0.659778 -0.010173 0.751392
vn -0.642004 -0.025614 0.766273
vn -0.598973 -0.318119 0.734869
vn -0.564815 -0.327836 0.757303
vn -0.532636 -0.336233 0.776689
vn 0.994163 0.107881 0.001137
vn 0.696772 0.109189 -0.708933
vn 0.698830 0.109191 -0.706904
vn 0.994161 0.107875 0.002815
vn 0.719700 0.108954 0.685683
vn 0.718699 0.108963 0.686731
vn -0.001244 0.112653 0.993634
vn -0.000321 0.112652 0.993634
vn -0.711199 0.113511 0.693766
vn -0.707871 0.113503 0.697163
vn -0.993295 0.114992 0.011872
vn -0.993276 0.114981 0.013526
vn -0.688241 0.115327 -0.716257
vn -0.687071 0.115311 -0.717382
vn -0.001165 0.110193 -0.993910
vn -0.000188 0.110191 -0.993910
s 1
g cuerpo8
usemtl initialShadingGroup
f 110/132/1 1371/1951/2 1372/1952/3 157/171/4
f 111/133/5 388/471/6 389/472/7 168/182/8
f 112/134/9 359/439/10 360/440/11 167/181/12
f 113/135/13 1400/1983/14 1401/1984/15 166/180/16
f 114/136/17 1429/2015/18 1430/2016/19 165/179/20
f 115/137/21 1458/2047/22 1459/2048/23 164/178/24
f 116/138/25 474/592/26 475/593/27 163/177/28
f 117/139/29 118/140/30 161/175/31 162/176/32
f 118/140/30 119/141/33 160/174/34 161/175/31
f 119/141/33 1212/1777/35 1213/1778/36 160/174/34
f 120/142/37 1313/1886/38 1314/1887/39 159/173/40
f 121/143/41 1342/1919/42 1343/1920/43 158/172/44
f 2/2/45 1359/1939/46 1/1/47 25/39/48
f 3/3/49 376/459/50 2/2/45 25/39/48
f 4/4/51 347/427/52 3/3/49 25/39/48
f 5/5/53 1388/1971/54 4/4/51 25/39/48
f 6/6/55 1417/2003/56 5/5/53 25/39/48
f 7/7/57 1446/2035/58 6/6/55 25/39/48
f 8/8/59 462/580/60 7/7/57 25/39/48
f 9/9/61 8/8/59 25/39/48
f 10/10/62 9/9/61 25/39/48
f 1200/1765/63 10/10/62 25/39/48 11/11/64
f 12/12/65 1301/1874/66 11/11/64 25/39/48
f 1/1/47 1330/1906/67 12/12/65 25/39/48
f 50/67/68 1366/1946/69 1367/1947/70 336/415/71
f 51/68/72 383/466/73 384/467/74 346/425/75
f 52/69/76 354/434/77 355/435/78 345/424/79
f 53/70/80 1395/1978/81 1396/1979/82 344/423/83
f 54/71/84 1424/2010/85 1425/2011/86 343/422/87
f 55/72/88 1453/2042/89 1454/2043/90 342/421/91
f 56/73/92 469/587/93 470/588/94 341/420/95
f 59/76/96 1207/1772/97 1208/1773/98 339/418/99
f 60/77/100 1308/1881/101 1309/1882/102 338/417/103
f 61/78/104 1337/1914/105 1338/1915/106 337/416/107
f 133/156/108 1345/1922/109 1346/1923/110 242/289/111
f 132/155/112 1316/1889/113 1317/1890/114 243/290/115
f 131/154/116 1215/1780/117 1216/1781/118 244/291/119
f 130/153/120 131/154/116 244/291/119 245/292/121
f 129/152/122 130/153/120 245/292/121 246/293/123
f 128/151/124 477/595/125 478/596/126 247/294/127
f 127/150/128 1461/2050/129 1462/2051/130 248/295/131
f 126/149/132 1432/2018/133 1433/2019/134 249/296/135
f 125/148/136 1403/1986/137 1404/1987/138 250/297/139
f 124/147/140 362/442/141 363/443/142 251/298/143
f 123/146/144 391/474/145 392/475/146 252/299/147
f 122/145/148 1374/1954/149 1375/1955/150 241/288/151
f 62/80/152 1361/1941/153 1362/1942/154 169/183/155
f 63/81/156 378/461/157 379/462/158 180/233/159
f 64/82/160 349/429/161 350/430/162 179/231/163
f 65/83/164 1390/1973/165 1391/1974/166 178/229/167
f 66/84/168 1419/2005/169 1420/2006/170 177/227/171
f 67/85/172 1448/2037/173 1449/2038/174 176/225/175
f 68/86/176 464/582/177 465/583/178 175/223/179
f 69/87/180 70/88/181 173/219/182 174/221/183
f 70/88/181 71/89/184 172/217/185 173/219/182
f 71/89/184 1202/1767/186 1203/1768/187 172/217/185
f 72/90/188 1303/1876/189 1304/1877/190 171/215/191
f 73/91/192 1332/1908/193 1333/1909/194 170/213/195
f 74/93/196 1360/1940/197 1361/1941/153 62/80/152
f 75/94/198 377/460/199 378/461/157 63/81/156
f 76/95/200 348/428/201 349/429/161 64/82/160
f 77/96/202 1389/1972/203 1390/1973/165 65/83/164
f 78/97/204 1418/2004/205 1419/2005/169 66/84/168
f 79/98/206 1447/2036/207 1448/2037/173 67/85/172
f 80/99/208 463/581/209 464/582/177 68/86/176
f 81/100/210 82/101/211 70/88/181 69/87/180
f 82/101/211 83/102/212 71/89/184 70/88/181
f 83/102/212 1201/1766/213 1202/1767/186 71/89/184
f 84/103/214 1302/1875/215 1303/1876/189 72/90/188
f 85/104/216 1331/1907/217 1332/1908/193 73/91/192
f 1/13/47 1359/1938/46 1360/1940/197 74/93/196
f 2/14/45 376/458/50 377/460/199 75/94/198
f 3/15/49 347/426/52 348/428/201 76/95/200
f 4/16/51 1388/1970/54 1389/1972/203 77/96/202
f 5/17/53 1417/2002/56 1418/2004/205 78/97/204
f 6/18/55 1446/2034/58 1447/2036/207 79/98/206
f 7/19/57 462/579/60 463/581/209 80/99/208
f 8/20/59 9/21/61 82/101/211 81/100/210
f 9/21/61 10/22/62 83/102/212 82/101/211
f 10/22/62 1200/1764/63 1201/1766/213 83/102/212
f 11/23/64 1301/1873/66 1302/1875/215 84/103/214
f 12/24/65 1330/1905/67 1331/1907/217 85/104/216
f 87/107/218 1347/1924/219 1348/1925/220 230/276/221
f 88/108/222 1318/1891/223 1319/1892/224 231/277/225
f 89/109/226 1217/1782/227 1218/1783/228 232/278/229
f 90/110/230 89/109/226 232/278/229 233/279/231
f 91/111/232 90/110/230 233/279/231 234/280/233
f 92/112/234 479/597/235 480/598/236 235/281/237
f 93/113/238 1463/2052/239 1464/2053/240 236/282/241
f 94/114/242 1434/2020/243 1435/2021/244 237/283/245
f 95/115/246 1405/1988/247 1406/1989/248 238/284/249
f 96/116/250 364/444/251 365/445/252 239/285/253
f 97/117/254 393/476/255 394/477/256 240/286/257
f 86/106/258 1376/1956/259 1377/1957/260 229/275/261
s 42
f 99/120/262 1349/1926/263 1350/1927/264 218/263/265
s 43
f 100/121/266 1320/1893/267 1321/1894/268 219/264/269
s 44
f 101/122/270 1219/1784/271 1220/1785/272 220/265/273
s 45
f 102/123/274 101/122/275 220/265/276 221/266/277
s 46
f 103/124/278 102/123/279 221/266/280 222/267/281
s 47
f 104/125/282 481/599/283 482/600/284 223/268/285
s 48
f 105/126/286 1465/2054/287 1466/2055/288 224/269/289
s 49
f 106/127/290 1436/2022/291 1437/2023/292 225/270/293
s 50
f 107/128/294 1407/1990/295 1408/1991/296 226/271/297
s 51
f 108/129/298 366/446/299 367/447/300 227/272/301
s 52
f 109/130/302 395/478/303 396/479/304 228/273/305
s 53
f 98/119/306 1378/1958/307 1379/1959/308 217/262/309
s 1
f 26/41/310 1370/1950/311 1371/1951/2 110/132/1
f 27/42/312 387/470/313 388/471/6 111/133/5
f 28/43/314 358/438/315 359/439/10 112/134/9
f 29/44/316 1399/1982/317 1400/1983/14 113/135/13
f 30/45/318 1428/2014/319 1429/2015/18 114/136/17
f 31/46/320 1457/2046/321 1458/2047/22 115/137/21
f 32/47/322 473/591/323 474/592/26 116/138/25
f 33/48/324 34/49/325 118/140/30 117/139/29
f 34/49/325 35/50/326 119/141/33 118/140/30
f 35/50/326 1211/1776/327 1212/1777/35 119/141/33
f 36/51/328 1312/1885/329 1313/1886/38 120/142/37
f 37/52/330 1341/1918/331 1342/1919/42 121/143/41
f 38/54/332 1373/1953/333 1374/1954/149 122/145/148
f 49/65/334 390/473/335 391/474/145 123/146/144
f 48/64/336 361/441/337 362/442/141 124/147/140
f 47/63/338 1402/1985/339 1403/1986/137 125/148/136
f 46/62/340 1431/2017/341 1432/2018/133 126/149/132
f 45/61/342 1460/2049/343 1461/2050/129 127/150/128
f 44/60/344 476/594/345 477/595/125 128/151/124
f 43/59/346 42/58/347 130/153/120 129/152/122
f 42/58/347 41/57/348 131/154/116 130/153/120
f 41/57/348 1214/1779/349 1215/1780/117 131/154/116
f 40/56/350 1315/1888/351 1316/1889/113 132/155/112
f 39/55/352 1344/1921/353 1345/1922/109 133/156/108
f 135/209/354 1336/1913/355 1337/1914/105 61/78/104
f 136/207/356 1307/1880/357 1308/1881/101 60/77/100
f 137/205/358 1206/1771/359 1207/1772/97 59/76/96
f 138/203/360 137/205/358 59/76/96 58/75/361
f 139/201/362 138/203/360 58/75/361 57/74/363
f 140/199/364 468/586/365 469/587/93 56/73/92
f 141/197/366 1452/2041/367 1453/2042/89 55/72/88
f 142/195/368 1423/2009/369 1424/2010/85 54/71/84
f 143/193/370 1394/1977/371 1395/1978/81 53/70/80
f 144/191/372 353/433/373 354/434/77 52/69/76
f 145/189/374 382/465/375 383/466/73 51/68/72
f 134/187/376 1365/1945/377 1366/1946/69 50/67/68
f 147/160/378 1340/1917/379 1341/1918/331 37/52/330
f 148/161/380 1311/1884/381 1312/1885/329 36/51/328
f 149/162/382 1210/1775/383 1211/1776/327 35/50/326
f 151/164/384 472/590/385 473/591/323 32/47/322
f 152/165/386 1456/2045/387 1457/2046/321 31/46/320
f 153/166/388 1427/2013/389 1428/2014/319 30/45/318
f 154/167/390 1398/1981/391 1399/1982/317 29/44/316
f 155/168/392 357/437/393 358/438/315 28/43/314
f 156/169/394 386/469/395 387/470/313 27/42/312
f 146/159/396 1369/1949/397 1370/1950/311 26/41/310
f 158/172/44 1343/1920/43 1344/1921/353 39/55/352
f 159/173/40 1314/1887/39 1315/1888/351 40/56/350
f 160/174/34 1213/1778/36 1214/1779/349 41/57/348
f 161/175/31 160/174/34 41/57/348 42/58/347
f 162/176/32 161/175/31 42/58/347 43/59/346
f 163/177/28 475/593/27 476/594/345 44/60/344
f 164/178/24 1459/2048/23 1460/2049/343 45/61/342
f 165/179/20 1430/2016/19 1431/2017/341 46/62/340
f 166/180/16 1401/1984/15 1402/1985/339 47/63/338
f 167/181/12 360/440/11 361/441/337 48/64/336
f 168/182/8 389/472/7 390/473/335 49/65/334
f 157/171/4 1372/1952/3 1373/1953/333 38/54/332
f 181/184/398 182/234/399 1363/1943/400 1364/1944/401
f 1334/1910/402 1335/1912/403 203/206/404 204/212/405
f 183/186/406 184/232/407 380/463/408 381/464/409
f 185/188/410 186/230/411 351/431/412 352/432/413
f 187/190/414 188/228/415 1392/1975/416 1393/1976/417
f 189/192/418 190/226/419 1421/2007/420 1422/2008/421
f 191/194/422 192/224/423 1450/2039/424 1451/2040/425
f 193/196/426 194/222/427 466/584/428 467/585/429
f 195/198/430 196/220/431 198/218/432 197/200/433
f 197/200/433 198/218/432 200/216/434 199/202/435
f 199/202/435 200/216/434 1204/1769/436 1205/1770/437
f 201/204/438 202/214/439 1305/1878/440 1306/1879/441
f 181/184/398 1364/1944/401 1365/1945/377 134/187/376
f 183/186/406 381/464/409 382/465/375 145/189/374
f 185/188/410 352/432/413 353/433/373 144/191/372
f 187/190/414 1393/1976/417 1394/1977/371 143/193/370
f 189/192/418 1422/2008/421 1423/2009/369 142/195/368
f 191/194/422 1451/2040/425 1452/2041/367 141/197/366
f 193/196/426 467/585/429 468/586/365 140/199/364
f 195/198/430 197/200/433 138/203/360 139/201/362
f 197/200/433 199/202/435 137/205/358 138/203/360
f 199/202/435 1205/1770/437 1206/1771/359 137/205/358
f 201/204/438 1306/1879/441 1307/1880/357 136/207/356
f 203/206/404 1335/1912/403 1336/1913/355 135/209/354
f 170/213/195 1333/1909/194 1334/1911/402 204/212/405
f 171/215/191 1304/1877/190 1305/1878/440 202/214/439
f 172/217/185 1203/1768/187 1204/1769/436 200/216/434
f 173/219/182 172/217/185 200/216/434 198/218/432
f 174/221/183 173/219/182 198/218/432 196/220/431
f 175/223/179 465/583/178 466/584/428 194/222/427
f 176/225/175 1449/2038/174 1450/2039/424 192/224/423
f 177/227/171 1420/2006/170 1421/2007/420 190/226/419
f 178/229/167 1391/1974/166 1392/1975/416 188/228/415
f 179/231/163 350/430/162 351/431/412 186/230/411
f 180/233/159 379/462/158 380/463/408 184/232/407
f 169/183/155 1362/1942/154 1363/1943/400 182/234/399
s 55
f 13/235/442 1380/1960/443 1381/1963/444 205/238/445
f 14/236/446 397/480/447 398/483/448 206/237/449
f 15/239/450 368/448/451 369/451/452 207/240/453
f 16/241/454 1409/1992/455 1410/1995/456 208/242/457
f 17/243/458 1438/2024/459 1439/2027/460 209/244/461
f 18/245/462 1467/2056/463 1468/2059/464 210/246/465
f 19/247/466 483/601/467 484/604/468 211/248/469
f 20/249/470 21/251/471 213/252/472 212/250/473
f 21/251/471 22/253/474 214/254/475 213/252/472
f 22/253/474 1221/1786/476 1222/1789/477 214/254/475
f 23/255/478 1322/1895/479 1323/1898/480 215/256/481
f 24/257/482 1351/1928/483 1352/1931/484 216/258/485
s 42
f 218/263/265 1350/1927/264 1351/1929/486 24/37/487
s 43
f 219/264/269 1321/1894/268 1322/1896/488 23/36/489
s 44
f 220/265/273 1220/1785/272 1221/1787/490 22/35/491
s 45
f 221/266/277 220/265/276 22/35/492 21/34/493
s 46
f 222/267/281 221/266/280 21/34/494 20/33/495
s 47
f 223/268/285 482/600/284 483/602/496 19/32/497
s 48
f 224/269/289 1466/2055/288 1467/2057/498 18/31/499
s 49
f 225/270/293 1437/2023/292 1438/2025/500 17/30/501
s 50
f 226/271/297 1408/1991/296 1409/1993/502 16/29/503
s 51
f 227/272/301 367/447/300 368/449/504 15/28/505
s 52
f 228/273/305 396/479/304 397/481/506 14/27/507
s 53
f 217/262/309 1379/1959/308 1380/1961/508 13/26/509
s 1
f 230/276/221 1348/1925/220 1349/1926/510 99/120/511
f 231/277/225 1319/1892/224 1320/1893/512 100/121/513
f 232/278/229 1218/1783/228 1219/1784/514 101/122/515
f 233/279/231 232/278/229 101/122/515 102/123/516
f 234/280/233 233/279/231 102/123/516 103/124/517
f 235/281/237 480/598/236 481/599/518 104/125/519
f 236/282/241 1464/2053/240 1465/2054/520 105/126/521
f 237/283/245 1435/2021/244 1436/2022/522 106/127/523
f 238/284/249 1406/1989/248 1407/1990/524 107/128/525
f 239/285/253 365/445/252 366/446/526 108/129/527
f 240/286/257 394/477/256 395/478/528 109/130/529
f 229/275/261 1377/1957/260 1378/1958/530 98/119/531
f 242/289/111 1346/1923/110 1347/1924/219 87/107/218
f 243/290/115 1317/1890/114 1318/1891/223 88/108/222
f 244/291/119 1216/1781/118 1217/1782/227 89/109/226
f 245/292/121 244/291/119 89/109/226 90/110/230
f 246/293/123 245/292/121 90/110/230 91/111/232
f 247/294/127 478/596/126 479/597/235 92/112/234
f 248/295/131 1462/2051/130 1463/2052/239 93/113/238
f 249/296/135 1433/2019/134 1434/2020/243 94/114/242
f 250/297/139 1404/1987/138 1405/1988/247 95/115/246
f 251/298/143 363/443/142 364/444/251 96/116/250
f 252/299/147 392/475/146 393/476/255 97/117/254
f 241/288/151 1375/1955/150 1376/1956/259 86/106/258
s 64
f 205/300/532 1381/1962/533 1382/1964/534 253/303/535
f 206/301/536 398/482/537 399/484/538 254/302/539
f 207/304/540 369/450/541 370/452/542 255/305/543
f 208/306/544 1410/1994/545 1411/1996/546 256/307/547
f 209/308/548 1439/2026/549 1440/2028/550 257/309/551
f 210/310/552 1468/2058/553 1469/2060/554 258/311/555
f 211/312/556 484/603/557 485/605/558 259/313/559
f 212/314/560 213/316/561 261/317/562 260/315/563
f 213/316/561 214/318/564 262/319/565 261/317/562
f 214/318/564 1222/1788/566 1223/1790/567 262/319/565
f 215/320/568 1323/1897/569 1324/1899/570 263/321/571
f 216/322/572 1352/1930/573 1353/1932/574 264/323/575
f 253/303/535 1382/1964/534 1383/1965/576 265/327/577
f 254/302/539 399/484/538 400/485/578 266/326/579
f 255/305/543 370/452/542 371/453/580 267/328/581
f 256/307/547 1411/1996/546 1412/1997/582 268/329/583
f 257/309/551 1440/2028/550 1441/2029/584 269/330/585
f 258/311/555 1469/2060/554 1470/2061/586 270/331/587
f 259/313/559 485/605/558 486/606/588 271/332/589
f 260/315/563 261/317/562 273/334/590 272/333/591
f 261/317/562 262/319/565 274/335/592 273/334/590
f 262/319/565 1223/1790/567 1224/1791/593 274/335/592
f 263/321/571 1324/1899/570 1325/1900/594 275/336/595
f 264/323/575 1353/1932/574 1354/1933/596 276/337/597
f 265/327/577 1383/1965/576 1384/1966/598 277/340/599
f 266/326/579 400/485/578 401/486/600 278/339/601
f 267/328/581 371/453/580 372/454/602 279/341/603
f 268/329/583 1412/1997/582 1413/1998/604 280/342/605
f 269/330/585 1441/2029/584 1442/2030/606 281/343/607
f 270/331/587 1470/2061/586 1471/2062/608 282/344/609
f 271/332/589 486/606/588 487/607/610 283/345/611
f 272/333/591 273/334/590 285/347/612 284/346/613
f 273/334/590 274/335/592 286/348/614 285/347/612
f 274/335/592 1224/1791/593 1225/1792/615 286/348/614
f 275/336/595 1325/1900/594 1326/1901/616 287/349/617
f 276/337/597 1354/1933/596 1355/1934/618 288/350/619
f 277/340/599 1384/1966/598 1385/1967/620 289/353/621
f 278/339/601 401/486/600 402/487/622 290/352/623
f 279/341/603 372/454/602 373/455/624 291/354/625
f 280/342/605 1413/1998/604 1414/1999/626 292/355/627
f 281/343/607 1442/2030/606 1443/2031/628 293/356/629
f 282/344/609 1471/2062/608 1472/2063/630 294/357/631
f 283/345/611 487/607/610 488/608/632 295/358/633
f 284/346/613 285/347/612 297/360/634 296/359/635
f 285/347/612 286/348/614 298/361/636 297/360/634
f 286/348/614 1225/1792/615 1226/1793/637 298/361/636
f 287/349/617 1326/1901/616 1327/1902/638 299/362/639
f 288/350/619 1355/1934/618 1356/1935/640 300/363/641
f 289/353/621 1385/1967/620 1386/1968/642 301/366/643
f 290/352/623 402/487/622 403/488/644 302/365/645
f 291/354/625 373/455/624 374/456/646 303/367/647
f 292/355/627 1414/1999/626 1415/2000/648 304/368/649
f 293/356/629 1443/2031/628 1444/2032/650 305/369/651
f 294/357/631 1472/2063/630 1473/2064/652 306/370/653
f 295/358/633 488/608/632 489/609/654 307/371/655
f 296/359/635 297/360/634 309/373/656 308/372/657
f 297/360/634 298/361/636 310/374/658 309/373/656
f 298/361/636 1226/1793/637 1227/1794/659 310/374/658
f 299/362/639 1327/1902/638 1328/1903/660 311/375/661
f 300/363/641 1356/1935/640 1357/1936/662 312/376/663
f 301/366/643 1386/1968/642 1387/1969/664 313/379/665
f 302/365/645 403/488/644 404/489/666 314/378/667
f 303/367/647 374/456/646 375/457/668 315/380/669
f 304/368/649 1415/2000/648 1416/2001/670 316/381/671
f 305/369/651 1444/2032/650 1445/2033/672 317/382/673
f 306/370/653 1473/2064/652 1474/2065/674 318/383/675
f 307/371/655 489/609/654 490/610/676 319/384/677
f 308/372/657 309/373/656 321/386/678 320/385/679
f 309/373/656 310/374/658 322/387/680 321/386/678
f 310/374/658 1227/1794/659 1228/1795/681 322/387/680
f 311/375/661 1328/1903/660 1329/1904/682 323/388/683
f 312/376/663 1357/1936/662 1358/1937/684 324/389/685
f 313/379/665 1387/1969/664 314/378/667 325/391/686
f 314/378/667 404/489/666 315/380/669 325/392/686
f 315/380/669 375/457/668 316/381/671 325/393/686
f 316/381/671 1416/2001/670 317/382/673 325/394/686
f 317/382/673 1445/2033/672 318/383/675 325/395/686
f 318/383/675 1474/2065/674 319/384/677 325/396/686
f 319/384/677 490/610/676 320/385/679 325/397/686
f 320/385/679 321/386/678 325/398/686
f 321/386/678 322/387/680 325/399/686
f 323/388/683 325/400/686 322/387/680 1228/1795/681
f 323/388/683 1329/1904/682 324/389/685 325/401/686
f 324/389/685 1358/1937/684 313/390/665 325/402/686
s 1
f 327/405/687 1339/1916/688 1340/1917/379 147/160/378
f 328/406/689 1310/1883/690 1311/1884/381 148/161/380
f 329/407/691 1209/1774/692 1210/1775/383 149/162/382
f 331/409/693 471/589/694 472/590/385 151/164/384
f 332/410/695 1455/2044/696 1456/2045/387 152/165/386
f 333/411/697 1426/2012/698 1427/2013/389 153/166/388
f 334/412/699 1397/1980/700 1398/1981/391 154/167/390
f 335/413/701 385/468/702 386/469/395 156/169/394
f 326/404/703 1368/1948/704 1369/1949/397 146/159/396
f 337/416/107 1338/1915/106 1339/1916/688 327/405/687
f 338/417/103 1309/1882/102 1310/1883/690 328/406/689
f 339/418/99 1208/1773/98 1209/1774/692 329/407/691
f 341/420/95 470/588/94 471/589/694 331/409/693
f 342/421/91 1454/2043/90 1455/2044/696 332/410/695
f 343/422/87 1425/2011/86 1426/2012/698 333/411/697
f 344/423/83 1396/1979/82 1397/1980/700 334/412/699
f 346/425/75 384/467/74 385/468/702 335/413/701
f 336/415/71 1367/1947/70 1368/1948/704 326/404/703
f 348/428/201 347/426/52 4/16/51 77/96/202
f 349/429/161 348/428/201 77/96/202 65/83/164
f 350/430/162 349/429/161 65/83/164 178/229/167
f 351/431/412 350/430/162 178/229/167 188/228/415
f 352/432/413 351/431/412 188/228/415 187/190/414
f 353/433/373 352/432/413 187/190/414 143/193/370
f 354/434/77 353/433/373 143/193/370 53/70/80
f 355/435/78 354/434/77 53/70/80 344/423/83
f 356/436/705 355/435/78 344/423/83 334/412/699
f 357/437/393 356/436/705 334/412/699 154/167/390
f 358/438/315 357/437/393 154/167/390 29/44/316
f 359/439/10 358/438/315 29/44/316 113/135/13
f 360/440/11 359/439/10 113/135/13 166/180/16
f 361/441/337 360/440/11 166/180/16 47/63/338
f 362/442/141 361/441/337 47/63/338 125/148/136
f 363/443/142 362/442/141 125/148/136 250/297/139
f 364/444/251 363/443/142 250/297/139 95/115/246
f 365/445/252 364/444/251 95/115/246 238/284/249
f 366/446/526 365/445/252 238/284/249 107/128/525
s 51
f 367/447/300 366/446/299 107/128/706 226/271/707
f 368/449/504 367/447/300 226/271/707 16/29/708
s 55
f 369/451/452 368/448/451 16/241/454 208/242/457
s 64
f 370/452/542 369/450/541 208/306/544 256/307/547
f 371/453/580 370/452/542 256/307/547 268/329/583
f 372/454/602 371/453/580 268/329/583 280/342/605
f 373/455/624 372/454/602 280/342/605 292/355/627
f 374/456/646 373/455/624 292/355/627 304/368/649
f 375/457/668 374/456/646 304/368/649 316/381/671
s 1
f 377/460/199 376/458/50 3/15/49 76/95/200
f 378/461/157 377/460/199 76/95/200 64/82/160
f 379/462/158 378/461/157 64/82/160 179/231/163
f 380/463/408 379/462/158 179/231/163 186/230/411
f 381/464/409 380/463/408 186/230/411 185/188/410
f 382/465/375 381/464/409 185/188/410 144/191/372
f 383/466/73 382/465/375 144/191/372 52/69/76
f 384/467/74 383/466/73 52/69/76 345/424/79
f 387/470/313 386/469/395 155/168/392 28/43/314
f 388/471/6 387/470/313 28/43/314 112/134/9
f 389/472/7 388/471/6 112/134/9 167/181/12
f 390/473/335 389/472/7 167/181/12 48/64/336
f 391/474/145 390/473/335 48/64/336 124/147/140
f 392/475/146 391/474/145 124/147/140 251/298/143
f 393/476/255 392/475/146 251/298/143 96/116/250
f 394/477/256 393/476/255 96/116/250 239/285/253
f 395/478/528 394/477/256 239/285/253 108/129/527
s 52
f 396/479/304 395/478/303 108/129/709 227/272/710
f 397/481/506 396/479/304 227/272/710 15/28/711
s 55
f 398/483/448 397/480/447 15/239/450 207/240/453
s 64
f 399/484/538 398/482/537 207/304/540 255/305/543
f 400/485/578 399/484/538 255/305/543 267/328/581
f 401/486/600 400/485/578 267/328/581 279/341/603
f 402/487/622 401/486/600 279/341/603 291/354/625
f 403/488/644 402/487/622 291/354/625 303/367/647
f 404/489/666 403/488/644 303/367/647 315/380/669
s 1
f 384/490/74 345/491/79 1482/2074/712 1475/2067/713
f 345/491/79 355/494/78 1481/2073/714 1482/2074/712
f 355/494/78 356/496/705 1480/2072/715 1481/2073/714
f 356/496/705 357/498/393 1479/2071/716 1480/2072/715
f 357/498/393 155/500/392 1478/2070/717 1479/2071/716
f 155/500/392 386/502/395 1477/2069/718 1478/2070/717
f 386/502/395 385/504/702 1476/2068/719 1477/2069/718
f 385/504/702 384/506/74 1475/2066/713 1476/2068/719
s 73
f 405/508/720 406/509/721 414/510/722 413/511/723
f 406/509/721 407/512/724 415/513/725 414/510/722
f 407/512/724 408/514/726 416/515/727 415/513/725
f 408/514/726 409/516/728 417/517/729 416/515/727
f 409/516/728 410/518/730 418/519/731 417/517/729
f 410/518/730 411/520/732 419/521/733 418/519/731
f 411/520/732 412/522/734 420/523/735 419/521/733
f 412/522/734 405/524/720 413/525/723 420/523/735
f 413/511/723 414/510/722 422/526/736 421/527/737
f 414/510/722 415/513/725 423/528/738 422/526/736
f 415/513/725 416/515/727 424/529/739 423/528/738
f 416/515/727 417/517/729 425/530/740 424/529/739
f 417/517/729 418/519/731 426/531/741 425/530/740
f 418/519/731 419/521/733 427/532/742 426/531/741
f 419/521/733 420/523/735 428/533/743 427/532/742
f 420/523/735 413/525/723 421/534/737 428/533/743
f 421/527/737 422/526/736 430/535/744 429/536/745
f 422/526/736 423/528/738 431/537/746 430/535/744
f 423/528/738 424/529/739 432/538/747 431/537/746
f 424/529/739 425/530/740 433/539/748 432/538/747
f 425/530/740 426/531/741 434/540/749 433/539/748
f 426/531/741 427/532/742 435/541/750 434/540/749
f 427/532/742 428/533/743 436/542/751 435/541/750
f 428/533/743 421/534/737 429/543/745 436/542/751
f 429/536/745 430/535/744 438/544/752 437/545/753
f 430/535/744 431/537/746 439/546/754 438/544/752
f 431/537/746 432/538/747 440/547/755 439/546/754
f 432/538/747 433/539/748 441/548/756 440/547/755
f 433/539/748 434/540/749 442/549/757 441/548/756
f 434/540/749 435/541/750 443/550/758 442/549/757
f 435/541/750 436/542/751 444/551/759 443/550/758
f 436/542/751 429/543/745 437/552/753 444/551/759
f 437/545/753 438/544/752 446/553/760 445/554/761
f 438/544/752 439/546/754 447/555/762 446/553/760
f 439/546/754 440/547/755 448/556/763 447/555/762
f 440/547/755 441/548/756 449/557/764 448/556/763
f 441/548/756 442/549/757 450/558/765 449/557/764
f 442/549/757 443/550/758 451/559/766 450/558/765
f 443/550/758 444/551/759 452/560/767 451/559/766
f 444/551/759 437/552/753 445/561/761 452/560/767
f 445/554/761 446/553/760 454/562/768 453/563/769
f 446/553/760 447/555/762 455/564/770 454/562/768
f 447/555/762 448/556/763 456/565/771 455/564/770
f 448/556/763 449/557/764 457/566/772 456/565/771
f 449/557/764 450/558/765 458/567/773 457/566/772
f 450/558/765 451/559/766 459/568/774 458/567/773
f 451/559/766 452/560/767 460/569/775 459/568/774
f 452/560/767 445/561/761 453/570/769 460/569/775
f 453/563/769 454/562/768 461/571/776
f 454/562/768 455/564/770 461/572/776
f 455/564/770 456/565/771 461/573/776
f 456/565/771 457/566/772 461/574/776
f 457/566/772 458/567/773 461/575/776
f 458/567/773 459/568/774 461/576/776
f 459/568/774 460/569/775 461/577/776
f 460/569/775 453/570/769 461/578/776
s 1
f 463/581/209 462/579/60 8/20/59 81/100/210
f 464/582/177 463/581/209 81/100/210 69/87/180
f 465/583/178 464/582/177 69/87/180 174/221/183
f 466/584/428 465/583/178 174/221/183 196/220/431
f 467/585/429 466/584/428 196/220/431 195/198/430
f 468/586/365 467/585/429 195/198/430 139/201/362
f 469/587/93 468/586/365 139/201/362 57/74/363
f 470/588/94 469/587/93 57/74/363 340/419/777
f 471/589/694 470/588/94 340/419/777 330/408/778
f 472/590/385 471/589/694 330/408/778 150/163/779
f 473/591/323 472/590/385 150/163/779 33/48/324
f 474/592/26 473/591/323 33/48/324 117/139/29
f 475/593/27 474/592/26 117/139/29 162/176/32
f 476/594/345 475/593/27 162/176/32 43/59/346
f 477/595/125 476/594/345 43/59/346 129/152/122
f 478/596/126 477/595/125 129/152/122 246/293/123
f 479/597/235 478/596/126 246/293/123 91/111/232
f 480/598/236 479/597/235 91/111/232 234/280/233
f 481/599/518 480/598/236 234/280/233 103/124/517
s 47
f 482/600/284 481/599/283 103/124/780 222/267/781
f 483/602/496 482/600/284 222/267/781 20/33/782
s 55
f 484/604/468 483/601/467 20/249/470 212/250/473
s 64
f 485/605/558 484/603/557 212/314/560 260/315/563
f 486/606/588 485/605/558 260/315/563 272/333/591
f 487/607/610 486/606/588 272/333/591 284/346/613
f 488/608/632 487/607/610 284/346/613 296/359/635
f 489/609/654 488/608/632 296/359/635 308/372/657
f 490/610/676 489/609/654 308/372/657 320/385/679
s 1
f 491/611/783 492/612/784 504/613/785 503/614/786
f 492/612/784 493/615/787 505/616/788 504/613/785
f 493/615/787 494/617/789 506/618/790 505/616/788
f 494/617/789 495/619/791 507/620/792 506/618/790
f 495/619/791 496/621/793 508/622/794 507/620/792
f 496/621/793 497/623/795 509/624/796 508/622/794
f 497/623/795 498/625/797 510/626/798 509/624/796
f 498/625/797 499/627/799 511/628/800 510/626/798
f 499/627/799 500/629/801 512/630/802 511/628/800
f 500/629/801 501/631/803 513/632/804 512/630/802
f 501/631/803 502/633/805 514/634/806 513/632/804
f 502/633/805 491/635/783 503/636/786 514/634/806
f 492/637/784 491/638/783 515/639/807
f 493/640/787 492/637/784 515/639/807
f 494/641/789 493/640/787 515/639/807
f 495/642/791 494/641/789 515/639/807
f 496/643/793 495/642/791 515/639/807
f 497/644/795 496/643/793 515/639/807
f 498/645/797 497/644/795 515/639/807
f 499/646/799 498/645/797 515/639/807
f 500/647/801 499/646/799 515/639/807
f 501/648/803 500/647/801 515/639/807
f 502/649/805 501/648/803 515/639/807
f 491/638/783 502/649/805 515/639/807
f 503/650/786 504/651/785 517/652/808 516/653/809
f 504/654/785 505/655/788 518/656/810 517/657/808
f 505/658/788 506/659/790 519/660/811 518/661/810
f 506/662/790 507/663/792 520/664/812 519/665/811
f 507/666/792 508/667/794 521/668/813 520/669/812
f 508/670/794 509/671/796 522/672/814 521/673/813
f 509/674/796 510/675/798 523/676/815 522/677/814
f 510/678/798 511/679/800 524/680/816 523/681/815
f 511/682/800 512/683/802 525/684/817 524/685/816
f 512/686/802 513/687/804 526/688/818 525/689/817
f 513/690/804 514/691/806 527/692/819 526/693/818
f 514/694/806 503/695/786 516/696/809 527/697/819
f 516/698/809 517/699/808 529/700/820 528/701/821
f 517/702/808 518/703/810 530/704/822 529/705/820
f 518/706/810 519/707/811 531/708/823 530/709/822
f 519/710/811 520/711/812 532/712/824 531/713/823
f 520/714/812 521/715/813 533/716/825 532/717/824
f 521/718/813 522/719/814 534/720/826 533/721/825
f 522/722/814 523/723/815 535/724/827 534/725/826
f 523/726/815 524/727/816 536/728/828 535/729/827
f 524/730/816 525/731/817 537/732/829 536/733/828
f 525/734/817 526/735/818 538/736/830 537/737/829
f 526/738/818 527/739/819 539/740/831 538/741/830
f 527/742/819 516/743/809 528/744/821 539/745/831
f 528/746/821 529/747/820 541/748/832 540/749/833
f 529/750/820 530/751/822 542/752/834 541/753/832
f 530/754/822 531/755/823 543/756/835 542/757/834
f 531/758/823 532/759/824 544/760/836 543/761/835
f 532/762/824 533/763/825 545/764/837 544/765/836
f 533/766/825 534/767/826 546/768/838 545/769/837
f 534/770/826 535/771/827 547/772/839 546/773/838
f 535/774/827 536/775/828 548/776/840 547/777/839
f 536/778/828 537/779/829 549/780/841 548/781/840
f 537/782/829 538/783/830 550/784/842 549/785/841
f 538/786/830 539/787/831 551/788/843 550/789/842
f 539/790/831 528/791/821 540/792/833 551/793/843
f 540/794/833 541/795/832 553/796/844 552/797/845
f 541/798/832 542/799/834 554/800/846 553/801/844
f 542/802/834 543/803/835 555/804/847 554/805/846
f 543/806/835 544/807/836 556/808/848 555/809/847
f 544/810/836 545/811/837 557/812/849 556/813/848
f 545/814/837 546/815/838 558/816/850 557/817/849
f 546/818/838 547/819/839 559/820/851 558/821/850
f 547/822/839 548/823/840 560/824/852 559/825/851
f 548/826/840 549/827/841 561/828/853 560/829/852
f 549/830/841 550/831/842 562/832/854 561/833/853
f 550/834/842 551/835/843 563/836/855 562/837/854
f 551/838/843 540/839/833 552/840/845 563/841/855
f 552/842/845 553/843/844 610/844/856 599/845/857
f 553/846/844 554/847/846 609/848/858 610/849/856
f 554/850/846 555/851/847 608/852/859 609/853/858
f 555/854/847 556/855/848 607/856/860 608/857/859
f 556/858/848 557/859/849 606/860/861 607/861/860
f 557/862/849 558/863/850 605/864/862 606/865/861
f 558/866/850 559/867/851 604/868/863 605/869/862
f 559/870/851 560/871/852 603/872/864 604/873/863
f 560/874/852 561/875/853 602/876/865 603/877/864
f 561/878/853 562/879/854 601/880/866 602/881/865
f 562/882/854 563/883/855 600/884/867 601/885/866
f 563/886/855 552/887/845 599/888/857 600/889/867
f 564/890/868 565/891/869 576/892/870 575/893/871
f 565/894/869 566/895/872 577/896/873 576/897/870
f 566/898/872 567/899/874 578/900/875 577/901/873
f 567/902/874 568/903/876 579/904/877 578/905/875
f 568/906/876 569/907/878 580/908/879 579/909/877
f 569/910/878 570/911/880 581/912/881 580/913/879
f 570/914/880 571/915/882 582/916/883 581/917/881
f 572/918/884 573/919/885 585/920/886 584/921/887
f 573/922/885 574/923/888 586/924/889 585/925/886
f 574/926/888 564/927/868 575/928/871 586/929/889
f 575/930/871 576/931/870 588/932/890 587/933/891
f 576/934/870 577/935/873 589/936/892 588/937/890
f 577/938/873 578/939/875 590/940/893 589/941/892
f 578/942/875 579/943/877 591/944/894 590/945/893
f 579/946/877 580/947/879 592/948/895 591/949/894
f 580/950/879 581/951/881 593/952/896 592/953/895
f 581/954/881 582/955/883 594/956/897 593/957/896
f 582/958/883 583/959/898 595/960/899 594/961/897
f 583/962/898 584/963/887 596/964/900 595/965/899
f 584/966/887 585/967/886 597/968/901 596/969/900
f 585/970/886 586/971/889 598/972/902 597/973/901
f 586/974/889 575/975/871 587/976/891 598/977/902
f 587/978/891 588/979/890 59/980/96 339/981/99
f 588/982/890 589/983/892 58/984/361 59/985/96
f 589/986/892 590/987/893 57/988/363 58/989/361
f 590/990/893 591/991/894 340/992/777 57/993/363
f 591/994/894 592/995/895 330/996/778 340/997/777
f 592/998/895 593/999/896 150/1000/779 330/1001/778
f 593/1002/896 594/1003/897 33/1004/324 150/1005/779
f 594/1006/897 595/1007/899 34/1008/325 33/1009/324
f 595/1010/899 596/1011/900 35/1012/326 34/1013/325
f 596/1014/900 597/1015/901 149/1016/382 35/1017/326
f 597/1018/901 598/1019/902 329/1020/691 149/1021/382
f 598/1022/902 587/1023/891 339/1024/99 329/1025/691
f 600/889/867 599/888/857 564/1026/868 574/1027/888
f 601/885/866 600/884/867 574/1028/888 573/1029/885
f 602/881/865 601/880/866 573/1030/885 572/1031/884
f 605/869/862 604/868/863 571/1032/882 570/1033/880
f 606/865/861 605/864/862 570/1034/880 569/1035/878
f 607/861/860 606/860/861 569/1036/878 568/1037/876
f 608/857/859 607/856/860 568/1038/876 567/1039/874
f 609/853/858 608/852/859 567/1040/874 566/1041/872
f 610/849/856 609/848/858 566/1042/872 565/1043/869
f 599/845/857 610/844/856 565/1044/869 564/1045/868
f 614/1046/903 617/1047/904 611/1048/905
f 617/1047/904 620/1049/906 611/1048/905
f 620/1049/906 623/1050/907 611/1048/905
f 623/1050/907 626/1051/908 611/1048/905
f 626/1051/908 629/1052/909 611/1048/905
f 629/1052/909 632/1053/910 611/1048/905
f 632/1053/910 635/1054/911 611/1048/905
f 635/1054/911 614/1046/903 611/1048/905
f 612/1055/912 613/1056/913 634/1057/914 633/1058/915
f 613/1059/913 614/1046/903 635/1054/911 634/1060/914
f 614/1046/903 613/1059/913 616/1061/916 617/1047/904
f 613/1062/913 612/1063/912 615/1064/917 616/1065/916
f 617/1047/904 616/1061/916 619/1066/918 620/1049/906
f 616/1065/916 615/1064/917 618/1067/919 619/1068/918
f 620/1049/906 619/1066/918 622/1069/920 623/1050/907
f 619/1068/918 618/1067/919 621/1070/921 622/1071/920
f 623/1050/907 622/1069/920 625/1072/922 626/1051/908
f 622/1071/920 621/1070/921 624/1073/923 625/1074/922
f 626/1051/908 625/1072/922 628/1075/924 629/1052/909
f 625/1074/922 624/1073/923 627/1076/925 628/1077/924
f 629/1052/909 628/1075/924 631/1078/926 632/1053/910
f 628/1077/924 627/1076/925 630/1079/927 631/1080/926
f 632/1053/910 631/1078/926 634/1060/914 635/1054/911
f 631/1080/926 630/1079/927 633/1058/915 634/1057/914
f 636/1081/928 637/1082/929 615/1064/917 612/1063/912
f 637/1082/929 638/1083/930 618/1067/919 615/1064/917
f 638/1083/930 639/1084/931 621/1070/921 618/1067/919
f 639/1084/931 640/1085/932 624/1073/923 621/1070/921
f 640/1085/932 641/1086/933 627/1076/925 624/1073/923
f 641/1086/933 642/1087/934 630/1079/927 627/1076/925
f 642/1087/934 643/1088/935 633/1058/915 630/1079/927
f 643/1088/935 636/1089/928 612/1055/912 633/1058/915
f 584/1090/887 636/1089/928 643/1088/935 572/1091/884
f 636/1081/928 584/1092/887 583/1093/898 637/1082/929
f 637/1082/929 583/1093/898 582/1094/883 638/1083/930
f 638/1083/930 582/1094/883 571/1095/882 639/1084/931
f 639/1084/931 571/1095/882 604/1096/863 640/1085/932
f 640/1085/932 604/1096/863 603/1097/864 641/1086/933
f 641/1086/933 603/1097/864 602/1098/865 642/1087/934
f 642/1087/934 602/1098/865 572/1091/884 643/1088/935
s 77
f 665/1099/936 662/1100/937 708/1150/938 711/1151/939
f 668/1101/940 665/1099/936 711/1151/939 714/1152/941
f 671/1102/942 668/1101/940 714/1152/941 717/1153/943
f 674/1103/944 671/1102/942 717/1153/943 720/1154/945
f 677/1104/946 674/1103/944 720/1154/945 723/1155/947
f 680/1105/948 677/1104/946 723/1155/947 726/1156/949
f 683/1106/950 680/1105/948 726/1156/949 729/1157/951
f 686/1107/952 683/1106/950 729/1157/951 732/1158/953
f 689/1108/954 686/1107/952 732/1158/953 735/1159/955
f 692/1109/956 689/1108/954 735/1159/955 738/1160/957
f 695/1110/958 692/1109/956 738/1160/957 741/1161/959
f 698/1111/960 695/1110/958 741/1161/959 744/1162/961
f 701/1112/962 698/1111/960 744/1162/961 747/1163/963
f 704/1113/964 701/1112/962 747/1163/963 750/1164/965
f 707/1114/966 704/1113/964 750/1164/965 753/1165/967
f 662/1115/937 707/1114/966 753/1165/967 708/1166/938
s 78
f 660/1116/968 661/1117/969 664/1118/970 663/1119/971
s 77
f 661/1117/972 662/1100/937 665/1099/936 664/1118/973
s 78
f 663/1119/971 664/1118/970 667/1120/974 666/1121/975
s 77
f 664/1118/973 665/1099/936 668/1101/940 667/1120/976
s 78
f 666/1121/975 667/1120/974 670/1122/977 669/1123/978
s 77
f 667/1120/976 668/1101/940 671/1102/942 670/1122/979
s 78
f 669/1123/978 670/1122/977 673/1124/980 672/1125/981
s 77
f 670/1122/979 671/1102/942 674/1103/944 673/1124/982
s 78
f 672/1125/981 673/1124/980 676/1126/983 675/1127/984
s 77
f 673/1124/982 674/1103/944 677/1104/946 676/1126/985
s 78
f 675/1127/984 676/1126/983 679/1128/986 678/1129/987
s 77
f 676/1126/985 677/1104/946 680/1105/948 679/1128/988
s 78
f 678/1129/987 679/1128/986 682/1130/989 681/1131/990
s 77
f 679/1128/988 680/1105/948 683/1106/950 682/1130/991
s 78
f 681/1131/990 682/1130/989 685/1132/992 684/1133/993
s 77
f 682/1130/991 683/1106/950 686/1107/952 685/1132/994
s 78
f 684/1133/993 685/1132/992 688/1134/995 687/1135/996
s 77
f 685/1132/994 686/1107/952 689/1108/954 688/1134/997
s 78
f 687/1135/996 688/1134/995 691/1136/998 690/1137/999
s 77
f 688/1134/997 689/1108/954 692/1109/956 691/1136/1000
s 78
f 690/1137/999 691/1136/998 694/1138/1001 693/1139/1002
s 77
f 691/1136/1000 692/1109/956 695/1110/958 694/1138/1003
s 78
f 693/1139/1002 694/1138/1001 697/1140/1004 696/1141/1005
s 77
f 694/1138/1003 695/1110/958 698/1111/960 697/1140/1006
s 78
f 696/1141/1005 697/1140/1004 700/1142/1007 699/1143/1008
s 77
f 697/1140/1006 698/1111/960 701/1112/962 700/1142/1009
s 78
f 699/1143/1008 700/1142/1007 703/1144/1010 702/1145/1011
s 77
f 700/1142/1009 701/1112/962 704/1113/964 703/1144/1012
s 78
f 702/1145/1011 703/1144/1010 706/1146/1013 705/1147/1014
s 77
f 703/1144/1012 704/1113/964 707/1114/966 706/1146/1015
f 662/1115/937 661/1148/972 706/1146/1015 707/1114/966
s 78
f 661/1148/969 660/1149/968 705/1147/1014 706/1146/1013
s 77
f 708/1150/938 709/1167/1016 712/1168/1017 711/1151/939
f 709/1167/1016 710/1169/1018 713/1170/1019 712/1168/1017
f 711/1151/939 712/1168/1017 715/1171/1020 714/1152/941
f 712/1168/1017 713/1170/1019 716/1172/1021 715/1171/1020
f 714/1152/941 715/1171/1020 718/1173/1022 717/1153/943
f 715/1171/1020 716/1172/1021 719/1174/1023 718/1173/1022
f 717/1153/943 718/1173/1022 721/1175/1024 720/1154/945
f 718/1173/1022 719/1174/1023 722/1176/1025 721/1175/1024
f 720/1154/945 721/1175/1024 724/1177/1026 723/1155/947
f 721/1175/1024 722/1176/1025 725/1178/1027 724/1177/1026
f 723/1155/947 724/1177/1026 727/1179/1028 726/1156/949
f 724/1177/1026 725/1178/1027 728/1180/1029 727/1179/1028
f 726/1156/949 727/1179/1028 730/1181/1030 729/1157/951
f 727/1179/1028 728/1180/1029 731/1182/1031 730/1181/1030
f 729/1157/951 730/1181/1030 733/1183/1032 732/1158/953
f 730/1181/1030 731/1182/1031 734/1184/1033 733/1183/1032
f 732/1158/953 733/1183/1032 736/1185/1034 735/1159/955
f 733/1183/1032 734/1184/1033 737/1186/1035 736/1185/1034
f 735/1159/955 736/1185/1034 739/1187/1036 738/1160/957
f 736/1185/1034 737/1186/1035 740/1188/1037 739/1187/1036
f 738/1160/957 739/1187/1036 742/1189/1038 741/1161/959
f 739/1187/1036 740/1188/1037 743/1190/1039 742/1189/1038
f 741/1161/959 742/1189/1038 745/1191/1040 744/1162/961
f 742/1189/1038 743/1190/1039 746/1192/1041 745/1191/1040
f 744/1162/961 745/1191/1040 748/1193/1042 747/1163/963
f 745/1191/1040 746/1192/1041 749/1194/1043 748/1193/1042
f 747/1163/963 748/1193/1042 751/1195/1044 750/1164/965
f 748/1193/1042 749/1194/1043 752/1196/1045 751/1195/1044
f 750/1164/965 751/1195/1044 754/1197/1046 753/1165/967
f 751/1195/1044 752/1196/1045 755/1198/1047 754/1197/1046
f 710/1199/1018 709/1200/1016 754/1197/1046 755/1198/1047
f 709/1200/1016 708/1166/938 753/1165/967 754/1197/1046
f 645/1201/1048 644/1202/1049 756/1203/1050 759/1204/1051
f 646/1205/1052 645/1201/1048 759/1204/1051 762/1206/1053
f 647/1207/1054 646/1205/1052 762/1206/1053 765/1208/1055
f 648/1209/1056 647/1207/1054 765/1208/1055 768/1210/1057
f 649/1211/1058 648/1209/1056 768/1210/1057 771/1212/1059
f 650/1213/1060 649/1211/1058 771/1212/1059 774/1214/1061
f 651/1215/1062 650/1213/1060 774/1214/1061 777/1216/1063
f 652/1217/1064 651/1215/1062 777/1216/1063 780/1218/1065
f 653/1219/1066 652/1217/1064 780/1218/1065 783/1220/1067
f 654/1221/1068 653/1219/1066 783/1220/1067 786/1222/1069
f 655/1223/1070 654/1221/1068 786/1222/1069 789/1224/1071
f 656/1225/1072 655/1223/1070 789/1224/1071 792/1226/1073
f 657/1227/1074 656/1225/1072 792/1226/1073 795/1228/1075
f 658/1229/1076 657/1227/1074 795/1228/1075 798/1230/1077
f 659/1231/1078 658/1229/1076 798/1230/1077 801/1232/1079
f 644/1233/1049 659/1231/1078 801/1232/1079 756/1234/1050
s 78
f 761/1235/1080 758/1236/1081 660/1116/968 663/1119/971
f 764/1237/1082 761/1235/1080 663/1119/971 666/1121/975
f 767/1238/1083 764/1237/1082 666/1121/975 669/1123/978
f 770/1239/1084 767/1238/1083 669/1123/978 672/1125/981
f 773/1240/1085 770/1239/1084 672/1125/981 675/1127/984
f 776/1241/1086 773/1240/1085 675/1127/984 678/1129/987
f 779/1242/1087 776/1241/1086 678/1129/987 681/1131/990
f 782/1243/1088 779/1242/1087 681/1131/990 684/1133/993
f 785/1244/1089 782/1243/1088 684/1133/993 687/1135/996
f 788/1245/1090 785/1244/1089 687/1135/996 690/1137/999
f 791/1246/1091 788/1245/1090 690/1137/999 693/1139/1002
f 794/1247/1092 791/1246/1091 693/1139/1002 696/1141/1005
f 797/1248/1093 794/1247/1092 696/1141/1005 699/1143/1008
f 800/1249/1094 797/1248/1093 699/1143/1008 702/1145/1011
f 803/1250/1095 800/1249/1094 702/1145/1011 705/1147/1014
f 758/1251/1081 803/1250/1095 705/1147/1014 660/1149/968
s 77
f 756/1203/1050 757/1252/1096 760/1253/1097 759/1204/1051
s 78
f 757/1252/1098 758/1236/1081 761/1235/1080 760/1253/1099
s 77
f 759/1204/1051 760/1253/1097 763/1254/1100 762/1206/1053
s 78
f 760/1253/1099 761/1235/1080 764/1237/1082 763/1254/1101
s 77
f 762/1206/1053 763/1254/1100 766/1255/1102 765/1208/1055
s 78
f 763/1254/1101 764/1237/1082 767/1238/1083 766/1255/1103
s 77
f 765/1208/1055 766/1255/1102 769/1256/1104 768/1210/1057
s 78
f 766/1255/1103 767/1238/1083 770/1239/1084 769/1256/1105
s 77
f 768/1210/1057 769/1256/1104 772/1257/1106 771/1212/1059
s 78
f 769/1256/1105 770/1239/1084 773/1240/1085 772/1257/1107
s 77
f 771/1212/1059 772/1257/1106 775/1258/1108 774/1214/1061
s 78
f 772/1257/1107 773/1240/1085 776/1241/1086 775/1258/1109
s 77
f 774/1214/1061 775/1258/1108 778/1259/1110 777/1216/1063
s 78
f 775/1258/1109 776/1241/1086 779/1242/1087 778/1259/1111
s 77
f 777/1216/1063 778/1259/1110 781/1260/1112 780/1218/1065
s 78
f 778/1259/1111 779/1242/1087 782/1243/1088 781/1260/1113
s 77
f 780/1218/1065 781/1260/1112 784/1261/1114 783/1220/1067
s 78
f 781/1260/1113 782/1243/1088 785/1244/1089 784/1261/1115
s 77
f 783/1220/1067 784/1261/1114 787/1262/1116 786/1222/1069
s 78
f 784/1261/1115 785/1244/1089 788/1245/1090 787/1262/1117
s 77
f 786/1222/1069 787/1262/1116 790/1263/1118 789/1224/1071
s 78
f 787/1262/1117 788/1245/1090 791/1246/1091 790/1263/1119
s 77
f 789/1224/1071 790/1263/1118 793/1264/1120 792/1226/1073
s 78
f 790/1263/1119 791/1246/1091 794/1247/1092 793/1264/1121
s 77
f 792/1226/1073 793/1264/1120 796/1265/1122 795/1228/1075
s 78
f 793/1264/1121 794/1247/1092 797/1248/1093 796/1265/1123
s 77
f 795/1228/1075 796/1265/1122 799/1266/1124 798/1230/1077
s 78
f 796/1265/1123 797/1248/1093 800/1249/1094 799/1266/1125
s 77
f 798/1230/1077 799/1266/1124 802/1267/1126 801/1232/1079
s 78
f 799/1266/1125 800/1249/1094 803/1250/1095 802/1267/1127
f 758/1251/1081 757/1268/1098 802/1267/1127 803/1250/1095
s 77
f 757/1268/1096 756/1234/1050 801/1232/1079 802/1267/1126
f 807/1269/1128 804/1270/1129 644/1271/1049 645/1272/1048
f 810/1273/1130 807/1269/1128 645/1272/1048 646/1274/1052
f 813/1275/1131 810/1273/1130 646/1274/1052 647/1276/1054
f 816/1277/1132 813/1275/1131 647/1276/1054 648/1278/1056
f 819/1279/1133 816/1277/1132 648/1278/1056 649/1280/1058
f 822/1281/1134 819/1279/1133 649/1280/1058 650/1282/1060
f 825/1283/1135 822/1281/1134 650/1282/1060 651/1284/1062
f 828/1285/1136 825/1283/1135 651/1284/1062 652/1286/1064
f 831/1287/1137 828/1285/1136 652/1286/1064 653/1288/1066
f 834/1289/1138 831/1287/1137 653/1288/1066 654/1290/1068
f 837/1291/1139 834/1289/1138 654/1290/1068 655/1292/1070
f 840/1293/1140 837/1291/1139 655/1292/1070 656/1294/1072
f 843/1295/1141 840/1293/1140 656/1294/1072 657/1296/1074
f 846/1297/1142 843/1295/1141 657/1296/1074 658/1298/1076
f 849/1299/1143 846/1297/1142 658/1298/1076 659/1300/1078
f 804/1301/1129 849/1299/1143 659/1300/1078 644/1302/1049
f 713/1170/1019 710/1169/1018 806/1303/1144 809/1304/1145
f 716/1172/1021 713/1170/1019 809/1304/1145 812/1305/1146
f 719/1174/1023 716/1172/1021 812/1305/1146 815/1306/1147
f 722/1176/1025 719/1174/1023 815/1306/1147 818/1307/1148
f 725/1178/1027 722/1176/1025 818/1307/1148 821/1308/1149
f 728/1180/1029 725/1178/1027 821/1308/1149 824/1309/1150
f 731/1182/1031 728/1180/1029 824/1309/1150 827/1310/1151
f 734/1184/1033 731/1182/1031 827/1310/1151 830/1311/1152
f 737/1186/1035 734/1184/1033 830/1311/1152 833/1312/1153
f 740/1188/1037 737/1186/1035 833/1312/1153 836/1313/1154
f 743/1190/1039 740/1188/1037 836/1313/1154 839/1314/1155
f 746/1192/1041 743/1190/1039 839/1314/1155 842/1315/1156
f 749/1194/1043 746/1192/1041 842/1315/1156 845/1316/1157
f 752/1196/1045 749/1194/1043 845/1316/1157 848/1317/1158
f 755/1198/1047 752/1196/1045 848/1317/1158 851/1318/1159
f 710/1199/1018 755/1198/1047 851/1318/1159 806/1319/1144
f 804/1301/1129 805/1320/1160 850/1321/1161 849/1299/1143
f 805/1320/1160 806/1319/1144 851/1318/1159 850/1321/1161
f 806/1303/1144 805/1322/1160 808/1323/1162 809/1304/1145
f 805/1322/1160 804/1270/1129 807/1269/1128 808/1323/1162
f 809/1304/1145 808/1323/1162 811/1324/1163 812/1305/1146
f 808/1323/1162 807/1269/1128 810/1273/1130 811/1324/1163
f 812/1305/1146 811/1324/1163 814/1325/1164 815/1306/1147
f 811/1324/1163 810/1273/1130 813/1275/1131 814/1325/1164
f 815/1306/1147 814/1325/1164 817/1326/1165 818/1307/1148
f 814/1325/1164 813/1275/1131 816/1277/1132 817/1326/1165
f 818/1307/1148 817/1326/1165 820/1327/1166 821/1308/1149
f 817/1326/1165 816/1277/1132 819/1279/1133 820/1327/1166
f 821/1308/1149 820/1327/1166 823/1328/1167 824/1309/1150
f 820/1327/1166 819/1279/1133 822/1281/1134 823/1328/1167
f 824/1309/1150 823/1328/1167 826/1329/1168 827/1310/1151
f 823/1328/1167 822/1281/1134 825/1283/1135 826/1329/1168
f 827/1310/1151 826/1329/1168 829/1330/1169 830/1311/1152
f 826/1329/1168 825/1283/1135 828/1285/1136 829/1330/1169
f 830/1311/1152 829/1330/1169 832/1331/1170 833/1312/1153
f 829/1330/1169 828/1285/1136 831/1287/1137 832/1331/1170
f 833/1312/1153 832/1331/1170 835/1332/1171 836/1313/1154
f 832/1331/1170 831/1287/1137 834/1289/1138 835/1332/1171
f 836/1313/1154 835/1332/1171 838/1333/1172 839/1314/1155
f 835/1332/1171 834/1289/1138 837/1291/1139 838/1333/1172
f 839/1314/1155 838/1333/1172 841/1334/1173 842/1315/1156
f 838/1333/1172 837/1291/1139 840/1293/1140 841/1334/1173
f 842/1315/1156 841/1334/1173 844/1335/1174 845/1316/1157
f 841/1334/1173 840/1293/1140 843/1295/1141 844/1335/1174
f 845/1316/1157 844/1335/1174 847/1336/1175 848/1317/1158
f 844/1335/1174 843/1295/1141 846/1297/1142 847/1336/1175
f 848/1317/1158 847/1336/1175 850/1321/1161 851/1318/1159
f 847/1336/1175 846/1297/1142 849/1299/1143 850/1321/1161
s 80
f 1043/1581/1176 1038/1576/1177 852/1338/1178 862/1339/1179
f 1049/1588/1180 1044/1583/1181 853/1337/1182 863/1340/1183
f 1055/1595/1184 1050/1590/1185 854/1341/1186 864/1342/1187
f 1061/1602/1188 1056/1597/1189 855/1343/1190 865/1344/1191
f 1091/1637/1192 1086/1632/1193 856/1345/1194 866/1346/1195
f 1085/1630/1196 1080/1625/1197 857/1347/1198 867/1348/1199
f 1079/1623/1200 1074/1618/1201 858/1349/1202 868/1350/1203
f 1073/1616/1204 1068/1611/1205 859/1351/1206 869/1352/1207
f 1067/1609/1208 1062/1604/1209 860/1353/1210 870/1354/1211
f 1037/1574/1212 1032/1569/1213 861/1355/1214 871/1356/1215
f 1042/1580/1216 1043/1581/1176 862/1339/1179 872/1359/1217
f 1048/1587/1218 1049/1588/1180 863/1340/1183 873/1360/1219
f 1054/1594/1220 1055/1595/1184 864/1342/1187 874/1361/1221
f 1060/1601/1222 1061/1602/1188 865/1344/1191 875/1362/1223
f 1090/1636/1224 1091/1637/1192 866/1346/1195 876/1363/1225
f 1084/1629/1226 1085/1630/1196 867/1348/1199 877/1364/1227
f 1078/1622/1228 1079/1623/1200 868/1350/1203 878/1365/1229
f 1072/1615/1230 1073/1616/1204 869/1352/1207 879/1366/1231
f 1066/1608/1232 1067/1609/1208 870/1354/1211 880/1367/1233
f 1036/1573/1234 1037/1574/1212 871/1356/1215 881/1368/1235
f 1041/1579/1236 1042/1580/1216 872/1359/1217 882/1370/1237
f 1047/1586/1238 1048/1587/1218 873/1360/1219 883/1371/1239
f 1053/1593/1240 1054/1594/1220 874/1361/1221 884/1372/1241
f 1059/1600/1242 1060/1601/1222 875/1362/1223 885/1373/1243
f 1089/1635/1244 1090/1636/1224 876/1363/1225 886/1374/1245
f 1083/1628/1246 1084/1629/1226 877/1364/1227 887/1375/1247
f 1077/1621/1248 1078/1622/1228 878/1365/1229 888/1376/1249
f 1071/1614/1250 1072/1615/1230 879/1366/1231 889/1377/1251
f 1065/1607/1252 1066/1608/1232 880/1367/1233 890/1378/1253
f 1035/1572/1254 1036/1573/1234 881/1368/1235 891/1379/1255
f 1241/1810/1256 1242/1812/1257 1041/1579/1236 882/1370/1237
f 1243/1813/1258 1244/1814/1259 1047/1586/1238 883/1371/1239
f 1245/1815/1260 1246/1816/1261 1053/1593/1240 884/1372/1241
f 1247/1817/1262 1248/1818/1263 1059/1600/1242 885/1373/1243
f 1249/1819/1264 1250/1820/1265 1089/1635/1244 886/1374/1245
f 1251/1821/1266 1252/1822/1267 1083/1628/1246 887/1375/1247
f 1253/1823/1268 1254/1824/1269 1077/1621/1248 888/1376/1249
f 1255/1825/1270 1256/1826/1271 1071/1614/1250 889/1377/1251
f 1257/1827/1272 1258/1828/1273 1065/1607/1252 890/1378/1253
f 1259/1829/1274 1260/1830/1275 1035/1572/1254 891/1379/1255
f 1039/1577/1276 1040/1578/1277 892/1381/1278 902/1392/1279
f 1045/1584/1280 1046/1585/1281 893/1382/1282 903/1393/1283
f 1051/1591/1284 1052/1592/1285 894/1383/1286 904/1394/1287
f 1057/1598/1288 1058/1599/1289 895/1384/1290 905/1395/1291
f 1087/1633/1292 1088/1634/1293 896/1385/1294 906/1396/1295
f 1081/1626/1296 1082/1627/1297 897/1386/1298 907/1397/1299
f 1075/1619/1300 1076/1620/1301 898/1387/1302 908/1398/1303
f 1069/1612/1304 1070/1613/1305 899/1388/1306 909/1399/1307
f 1063/1605/1308 1064/1606/1309 900/1389/1310 910/1400/1311
f 1033/1570/1312 1034/1571/1313 901/1390/1314 911/1401/1315
f 1038/1575/1177 1039/1577/1276 902/1392/1279 852/1403/1178
f 1044/1582/1181 1045/1584/1280 903/1393/1283 853/1404/1182
f 1050/1589/1185 1051/1591/1284 904/1394/1287 854/1405/1186
f 1056/1596/1189 1057/1598/1288 905/1395/1291 855/1406/1190
f 1086/1631/1193 1087/1633/1292 906/1396/1295 856/1407/1194
f 1080/1624/1197 1081/1626/1296 907/1397/1299 857/1408/1198
f 1074/1617/1201 1075/1619/1300 908/1398/1303 858/1409/1202
f 1068/1610/1205 1069/1612/1304 909/1399/1307 859/1410/1206
f 1062/1603/1209 1063/1605/1308 910/1400/1311 860/1411/1210
f 1032/1568/1213 1033/1570/1312 911/1401/1315 861/1412/1214
s 98
f 1103/1651/1316 1098/1646/1317 912/1415/1318 922/1416/1319
f 1097/1644/1320 1092/1639/1321 913/1414/1322 923/1417/1323
f 1115/1665/1324 1110/1660/1325 914/1418/1326 924/1419/1327
f 1121/1672/1328 1116/1667/1329 915/1420/1330 925/1421/1331
f 1127/1679/1332 1122/1674/1333 916/1422/1334 926/1423/1335
f 1133/1686/1336 1128/1681/1337 917/1424/1338 927/1425/1339
f 1139/1693/1340 1134/1688/1341 918/1426/1342 928/1427/1343
f 1145/1700/1344 1140/1695/1345 919/1428/1346 929/1429/1347
f 1151/1707/1348 1146/1702/1349 920/1430/1350 930/1431/1351
f 1109/1658/1352 1104/1653/1353 921/1432/1354 931/1433/1355
f 1102/1650/1356 1103/1651/1316 922/1416/1319 932/1436/1357
f 1096/1643/1358 1097/1644/1320 923/1417/1323 933/1437/1359
f 1114/1664/1360 1115/1665/1324 924/1419/1327 934/1438/1361
f 1120/1671/1362 1121/1672/1328 925/1421/1331 935/1439/1363
f 1126/1678/1364 1127/1679/1332 926/1423/1335 936/1440/1365
f 1132/1685/1366 1133/1686/1336 927/1425/1339 937/1441/1367
f 1138/1692/1368 1139/1693/1340 928/1427/1343 938/1442/1369
f 1144/1699/1370 1145/1700/1344 929/1429/1347 939/1443/1371
f 1150/1706/1372 1151/1707/1348 930/1431/1351 940/1444/1373
f 1108/1657/1374 1109/1658/1352 931/1433/1355 941/1445/1375
f 1101/1649/1376 1102/1650/1356 932/1436/1357 942/1447/1377
f 1095/1642/1378 1096/1643/1358 933/1437/1359 943/1448/1379
f 1113/1663/1380 1114/1664/1360 934/1438/1361 944/1449/1381
f 1119/1670/1382 1120/1671/1362 935/1439/1363 945/1450/1383
f 1125/1677/1384 1126/1678/1364 936/1440/1365 946/1451/1385
f 1131/1684/1386 1132/1685/1366 937/1441/1367 947/1452/1387
f 1137/1691/1388 1138/1692/1368 938/1442/1369 948/1453/1389
f 1143/1698/1390 1144/1699/1370 939/1443/1371 949/1454/1391
f 1149/1705/1392 1150/1706/1372 940/1444/1373 950/1455/1393
f 1107/1656/1394 1108/1657/1374 941/1445/1375 951/1456/1395
f 1261/1831/1396 1262/1833/1397 1101/1649/1376 942/1447/1377
f 1263/1834/1398 1264/1835/1399 1095/1642/1378 943/1448/1379
f 1265/1836/1400 1266/1837/1401 1113/1663/1380 944/1449/1381
f 1267/1838/1402 1268/1839/1403 1119/1670/1382 945/1450/1383
f 1269/1840/1404 1270/1841/1405 1125/1677/1384 946/1451/1385
f 1271/1842/1406 1272/1843/1407 1131/1684/1386 947/1452/1387
f 1273/1844/1408 1274/1845/1409 1137/1691/1388 948/1453/1389
f 1275/1846/1410 1276/1847/1411 1143/1698/1390 949/1454/1391
f 1277/1848/1412 1278/1849/1413 1149/1705/1392 950/1455/1393
f 1279/1850/1414 1280/1851/1415 1107/1656/1394 951/1456/1395
f 1099/1647/1416 1100/1648/1417 952/1458/1418 962/1469/1419
f 1093/1640/1420 1094/1641/1421 953/1459/1422 963/1470/1423
f 1111/1661/1424 1112/1662/1425 954/1460/1426 964/1471/1427
f 1117/1668/1428 1118/1669/1429 955/1461/1430 965/1472/1431
f 1123/1675/1432 1124/1676/1433 956/1462/1434 966/1473/1435
f 1129/1682/1436 1130/1683/1437 957/1463/1438 967/1474/1439
f 1135/1689/1440 1136/1690/1441 958/1464/1442 968/1475/1443
f 1141/1696/1444 1142/1697/1445 959/1465/1446 969/1476/1447
f 1147/1703/1448 1148/1704/1449 960/1466/1450 970/1477/1451
f 1105/1654/1452 1106/1655/1453 961/1467/1454 971/1478/1455
f 1098/1645/1317 1099/1647/1416 962/1469/1419 912/1480/1318
f 1092/1638/1321 1093/1640/1420 963/1470/1423 913/1481/1322
f 1110/1659/1325 1111/1661/1424 964/1471/1427 914/1482/1326
f 1116/1666/1329 1117/1668/1428 965/1472/1431 915/1483/1330
f 1122/1673/1333 1123/1675/1432 966/1473/1435 916/1484/1334
f 1128/1680/1337 1129/1682/1436 967/1474/1439 917/1485/1338
f 1134/1687/1341 1135/1689/1440 968/1475/1443 918/1486/1342
f 1140/1694/1345 1141/1696/1444 969/1476/1447 919/1487/1346
f 1146/1701/1349 1147/1703/1448 970/1477/1451 920/1488/1350
f 1104/1652/1353 1105/1654/1452 971/1478/1455 921/1489/1354
s 116
f 1163/1721/1456 1158/1716/1457 972/1492/1458 982/1493/1459
f 1157/1714/1460 1152/1709/1461 973/1491/1462 983/1494/1463
f 1175/1735/1464 1170/1730/1465 974/1495/1466 984/1496/1467
f 1181/1742/1468 1176/1737/1469 975/1497/1470 985/1498/1471
f 1187/1749/1472 1182/1744/1473 976/1499/1474 986/1500/1475
f 1193/1756/1476 1188/1751/1477 977/1501/1478 987/1502/1479
f 1199/1763/1480 1194/1758/1481 978/1503/1482 988/1504/1483
f 1240/1809/1484 1235/1804/1485 979/1505/1486 989/1506/1487
f 1234/1802/1488 1229/1797/1489 980/1507/1490 990/1508/1491
f 1169/1728/1492 1164/1723/1493 981/1509/1494 991/1510/1495
f 1162/1720/1496 1163/1721/1456 982/1493/1459 992/1513/1497
f 1156/1713/1498 1157/1714/1460 983/1494/1463 993/1514/1499
f 1174/1734/1500 1175/1735/1464 984/1496/1467 994/1515/1501
f 1180/1741/1502 1181/1742/1468 985/1498/1471 995/1516/1503
f 1186/1748/1504 1187/1749/1472 986/1500/1475 996/1517/1505
f 1192/1755/1506 1193/1756/1476 987/1502/1479 997/1518/1507
f 1198/1762/1508 1199/1763/1480 988/1504/1483 998/1519/1509
f 1239/1808/1510 1240/1809/1484 989/1506/1487 999/1520/1511
f 1233/1801/1512 1234/1802/1488 990/1508/1491 1000/1521/1513
f 1168/1727/1514 1169/1728/1492 991/1510/1495 1001/1522/1515
f 1161/1719/1516 1162/1720/1496 992/1513/1497 1002/1524/1517
f 1155/1712/1518 1156/1713/1498 993/1514/1499 1003/1525/1519
f 1173/1733/1520 1174/1734/1500 994/1515/1501 1004/1526/1521
f 1179/1740/1522 1180/1741/1502 995/1516/1503 1005/1527/1523
f 1185/1747/1524 1186/1748/1504 996/1517/1505 1006/1528/1525
f 1191/1754/1526 1192/1755/1506 997/1518/1507 1007/1529/1527
f 1197/1761/1528 1198/1762/1508 998/1519/1509 1008/1530/1529
f 1238/1807/1530 1239/1808/1510 999/1520/1511 1009/1531/1531
f 1232/1800/1532 1233/1801/1512 1000/1521/1513 1010/1532/1533
f 1167/1726/1534 1168/1727/1514 1001/1522/1515 1011/1533/1535
f 1281/1852/1536 1282/1854/1537 1161/1719/1516 1002/1524/1517
f 1283/1855/1538 1284/1856/1539 1155/1712/1518 1003/1525/1519
f 1285/1857/1540 1286/1858/1541 1173/1733/1520 1004/1526/1521
f 1287/1859/1542 1288/1860/1543 1179/1740/1522 1005/1527/1523
f 1289/1861/1544 1290/1862/1545 1185/1747/1524 1006/1528/1525
f 1291/1863/1546 1292/1864/1547 1191/1754/1526 1007/1529/1527
f 1293/1865/1548 1294/1866/1549 1197/1761/1528 1008/1530/1529
f 1295/1867/1550 1296/1868/1551 1238/1807/1530 1009/1531/1531
f 1297/1869/1552 1298/1870/1553 1232/1800/1532 1010/1532/1533
f 1299/1871/1554 1300/1872/1555 1167/1726/1534 1011/1533/1535
f 1159/1717/1556 1160/1718/1557 1012/1535/1558 1022/1546/1559
f 1153/1710/1560 1154/1711/1561 1013/1536/1562 1023/1547/1563
f 1171/1731/1564 1172/1732/1565 1014/1537/1566 1024/1548/1567
f 1177/1738/1568 1178/1739/1569 1015/1538/1570 1025/1549/1571
f 1183/1745/1572 1184/1746/1573 1016/1539/1574 1026/1550/1575
f 1189/1752/1576 1190/1753/1577 1017/1540/1578 1027/1551/1579
f 1195/1759/1580 1196/1760/1581 1018/1541/1582 1028/1552/1583
f 1236/1805/1584 1237/1806/1585 1019/1542/1586 1029/1553/1587
f 1230/1798/1588 1231/1799/1589 1020/1543/1590 1030/1554/1591
f 1165/1724/1592 1166/1725/1593 1021/1544/1594 1031/1555/1595
f 1158/1715/1457 1159/1717/1556 1022/1546/1559 972/1557/1458
f 1152/1708/1461 1153/1710/1560 1023/1547/1563 973/1558/1462
f 1170/1729/1465 1171/1731/1564 1024/1548/1567 974/1559/1466
f 1176/1736/1469 1177/1738/1568 1025/1549/1571 975/1560/1470
f 1182/1743/1473 1183/1745/1572 1026/1550/1575 976/1561/1474
f 1188/1750/1477 1189/1752/1576 1027/1551/1579 977/1562/1478
f 1194/1757/1481 1195/1759/1580 1028/1552/1583 978/1563/1482
f 1235/1803/1485 1236/1805/1584 1029/1553/1587 979/1564/1486
f 1229/1796/1489 1230/1798/1588 1030/1554/1591 980/1565/1490
f 1164/1722/1493 1165/1724/1592 1031/1555/1595 981/1566/1494
s 80
f 902/1402/1279 1033/1570/1312 1032/1568/1213 852/1413/1178
f 892/1391/1278 1034/1571/1313 1033/1570/1312 902/1402/1279
f 882/1380/1237 1035/1572/1254 1260/1830/1275 1241/1811/1256
f 872/1369/1217 1036/1573/1234 1035/1572/1254 882/1380/1237
f 862/1358/1179 1037/1574/1212 1036/1573/1234 872/1369/1217
f 852/1357/1178 1032/1569/1213 1037/1574/1212 862/1358/1179
f 903/1393/1283 1039/1577/1276 1038/1575/1177 853/1404/1182
f 893/1382/1282 1040/1578/1277 1039/1577/1276 903/1393/1283
f 883/1371/1239 1041/1579/1236 1242/1812/1257 1243/1813/1258
f 873/1360/1219 1042/1580/1216 1041/1579/1236 883/1371/1239
f 863/1340/1183 1043/1581/1176 1042/1580/1216 873/1360/1219
f 853/1337/1182 1038/1576/1177 1043/1581/1176 863/1340/1183
f 904/1394/1287 1045/1584/1280 1044/1582/1181 854/1405/1186
f 894/1383/1286 1046/1585/1281 1045/1584/1280 904/1394/1287
f 884/1372/1241 1047/1586/1238 1244/1814/1259 1245/1815/1260
f 874/1361/1221 1048/1587/1218 1047/1586/1238 884/1372/1241
f 864/1342/1187 1049/1588/1180 1048/1587/1218 874/1361/1221
f 854/1341/1186 1044/1583/1181 1049/1588/1180 864/1342/1187
f 905/1395/1291 1051/1591/1284 1050/1589/1185 855/1406/1190
f 895/1384/1290 1052/1592/1285 1051/1591/1284 905/1395/1291
f 885/1373/1243 1053/1593/1240 1246/1816/1261 1247/1817/1262
f 875/1362/1223 1054/1594/1220 1053/1593/1240 885/1373/1243
f 865/1344/1191 1055/1595/1184 1054/1594/1220 875/1362/1223
f 855/1343/1190 1050/1590/1185 1055/1595/1184 865/1344/1191
f 906/1396/1295 1057/1598/1288 1056/1596/1189 856/1407/1194
f 896/1385/1294 1058/1599/1289 1057/1598/1288 906/1396/1295
f 886/1374/1245 1059/1600/1242 1248/1818/1263 1249/1819/1264
f 876/1363/1225 1060/1601/1222 1059/1600/1242 886/1374/1245
f 866/1346/1195 1061/1602/1188 1060/1601/1222 876/1363/1225
f 856/1345/1194 1056/1597/1189 1061/1602/1188 866/1346/1195
f 911/1401/1315 1063/1605/1308 1062/1603/1209 861/1412/1214
f 901/1390/1314 1064/1606/1309 1063/1605/1308 911/1401/1315
f 891/1379/1255 1065/1607/1252 1258/1828/1273 1259/1829/1274
f 881/1368/1235 1066/1608/1232 1065/1607/1252 891/1379/1255
f 871/1356/1215 1067/1609/1208 1066/1608/1232 881/1368/1235
f 861/1355/1214 1062/1604/1209 1067/1609/1208 871/1356/1215
f 910/1400/1311 1069/1612/1304 1068/1610/1205 860/1411/1210
f 900/1389/1310 1070/1613/1305 1069/1612/1304 910/1400/1311
f 890/1378/1253 1071/1614/1250 1256/1826/1271 1257/1827/1272
f 880/1367/1233 1072/1615/1230 1071/1614/1250 890/1378/1253
f 870/1354/1211 1073/1616/1204 1072/1615/1230 880/1367/1233
f 860/1353/1210 1068/1611/1205 1073/1616/1204 870/1354/1211
f 909/1399/1307 1075/1619/1300 1074/1617/1201 859/1410/1206
f 899/1388/1306 1076/1620/1301 1075/1619/1300 909/1399/1307
f 889/1377/1251 1077/1621/1248 1254/1824/1269 1255/1825/1270
f 879/1366/1231 1078/1622/1228 1077/1621/1248 889/1377/1251
f 869/1352/1207 1079/1623/1200 1078/1622/1228 879/1366/1231
f 859/1351/1206 1074/1618/1201 1079/1623/1200 869/1352/1207
f 908/1398/1303 1081/1626/1296 1080/1624/1197 858/1409/1202
f 898/1387/1302 1082/1627/1297 1081/1626/1296 908/1398/1303
f 888/1376/1249 1083/1628/1246 1252/1822/1267 1253/1823/1268
f 878/1365/1229 1084/1629/1226 1083/1628/1246 888/1376/1249
f 868/1350/1203 1085/1630/1196 1084/1629/1226 878/1365/1229
f 858/1349/1202 1080/1625/1197 1085/1630/1196 868/1350/1203
f 907/1397/1299 1087/1633/1292 1086/1631/1193 857/1408/1198
f 897/1386/1298 1088/1634/1293 1087/1633/1292 907/1397/1299
f 887/1375/1247 1089/1635/1244 1250/1820/1265 1251/1821/1266
f 877/1364/1227 1090/1636/1224 1089/1635/1244 887/1375/1247
f 867/1348/1199 1091/1637/1192 1090/1636/1224 877/1364/1227
f 857/1347/1198 1086/1632/1193 1091/1637/1192 867/1348/1199
s 98
f 964/1471/1427 1093/1640/1420 1092/1638/1321 914/1482/1326
f 954/1460/1426 1094/1641/1421 1093/1640/1420 964/1471/1427
f 944/1449/1381 1095/1642/1378 1264/1835/1399 1265/1836/1400
f 934/1438/1361 1096/1643/1358 1095/1642/1378 944/1449/1381
f 924/1419/1327 1097/1644/1320 1096/1643/1358 934/1438/1361
f 914/1418/1326 1092/1639/1321 1097/1644/1320 924/1419/1327
f 963/1470/1423 1099/1647/1416 1098/1645/1317 913/1481/1322
f 953/1459/1422 1100/1648/1417 1099/1647/1416 963/1470/1423
f 943/1448/1379 1101/1649/1376 1262/1833/1397 1263/1834/1398
f 933/1437/1359 1102/1650/1356 1101/1649/1376 943/1448/1379
f 923/1417/1323 1103/1651/1316 1102/1650/1356 933/1437/1359
f 913/1414/1322 1098/1646/1317 1103/1651/1316 923/1417/1323
f 962/1479/1419 1105/1654/1452 1104/1652/1353 912/1490/1318
f 952/1468/1418 1106/1655/1453 1105/1654/1452 962/1479/1419
f 942/1457/1377 1107/1656/1394 1280/1851/1415 1261/1832/1396
f 932/1446/1357 1108/1657/1374 1107/1656/1394 942/1457/1377
f 922/1435/1319 1109/1658/1352 1108/1657/1374 932/1446/1357
f 912/1434/1318 1104/1653/1353 1109/1658/1352 922/1435/1319
f 965/1472/1431 1111/1661/1424 1110/1659/1325 915/1483/1330
f 955/1461/1430 1112/1662/1425 1111/1661/1424 965/1472/1431
f 945/1450/1383 1113/1663/1380 1266/1837/1401 1267/1838/1402
f 935/1439/1363 1114/1664/1360 1113/1663/1380 945/1450/1383
f 925/1421/1331 1115/1665/1324 1114/1664/1360 935/1439/1363
f 915/1420/1330 1110/1660/1325 1115/1665/1324 925/1421/1331
f 966/1473/1435 1117/1668/1428 1116/1666/1329 916/1484/1334
f 956/1462/1434 1118/1669/1429 1117/1668/1428 966/1473/1435
f 946/1451/1385 1119/1670/1382 1268/1839/1403 1269/1840/1404
f 936/1440/1365 1120/1671/1362 1119/1670/1382 946/1451/1385
f 926/1423/1335 1121/1672/1328 1120/1671/1362 936/1440/1365
f 916/1422/1334 1116/1667/1329 1121/1672/1328 926/1423/1335
f 967/1474/1439 1123/1675/1432 1122/1673/1333 917/1485/1338
f 957/1463/1438 1124/1676/1433 1123/1675/1432 967/1474/1439
f 947/1452/1387 1125/1677/1384 1270/1841/1405 1271/1842/1406
f 937/1441/1367 1126/1678/1364 1125/1677/1384 947/1452/1387
f 927/1425/1339 1127/1679/1332 1126/1678/1364 937/1441/1367
f 917/1424/1338 1122/1674/1333 1127/1679/1332 927/1425/1339
f 968/1475/1443 1129/1682/1436 1128/1680/1337 918/1486/1342
f 958/1464/1442 1130/1683/1437 1129/1682/1436 968/1475/1443
f 948/1453/1389 1131/1684/1386 1272/1843/1407 1273/1844/1408
f 938/1442/1369 1132/1685/1366 1131/1684/1386 948/1453/1389
f 928/1427/1343 1133/1686/1336 1132/1685/1366 938/1442/1369
f 918/1426/1342 1128/1681/1337 1133/1686/1336 928/1427/1343
f 969/1476/1447 1135/1689/1440 1134/1687/1341 919/1487/1346
f 959/1465/1446 1136/1690/1441 1135/1689/1440 969/1476/1447
f 949/1454/1391 1137/1691/1388 1274/1845/1409 1275/1846/1410
f 939/1443/1371 1138/1692/1368 1137/1691/1388 949/1454/1391
f 929/1429/1347 1139/1693/1340 1138/1692/1368 939/1443/1371
f 919/1428/1346 1134/1688/1341 1139/1693/1340 929/1429/1347
f 970/1477/1451 1141/1696/1444 1140/1694/1345 920/1488/1350
f 960/1466/1450 1142/1697/1445 1141/1696/1444 970/1477/1451
f 950/1455/1393 1143/1698/1390 1276/1847/1411 1277/1848/1412
f 940/1444/1373 1144/1699/1370 1143/1698/1390 950/1455/1393
f 930/1431/1351 1145/1700/1344 1144/1699/1370 940/1444/1373
f 920/1430/1350 1140/1695/1345 1145/1700/1344 930/1431/1351
f 971/1478/1455 1147/1703/1448 1146/1701/1349 921/1489/1354
f 961/1467/1454 1148/1704/1449 1147/1703/1448 971/1478/1455
f 951/1456/1395 1149/1705/1392 1278/1849/1413 1279/1850/1414
f 941/1445/1375 1150/1706/1372 1149/1705/1392 951/1456/1395
f 931/1433/1355 1151/1707/1348 1150/1706/1372 941/1445/1375
f 921/1432/1354 1146/1702/1349 1151/1707/1348 931/1433/1355
s 116
f 1024/1548/1567 1153/1710/1560 1152/1708/1461 974/1559/1466
f 1014/1537/1566 1154/1711/1561 1153/1710/1560 1024/1548/1567
f 1004/1526/1521 1155/1712/1518 1284/1856/1539 1285/1857/1540
f 994/1515/1501 1156/1713/1498 1155/1712/1518 1004/1526/1521
f 984/1496/1467 1157/1714/1460 1156/1713/1498 994/1515/1501
f 974/1495/1466 1152/1709/1461 1157/1714/1460 984/1496/1467
f 1023/1547/1563 1159/1717/1556 1158/1715/1457 973/1558/1462
f 1013/1536/1562 1160/1718/1557 1159/1717/1556 1023/1547/1563
f 1003/1525/1519 1161/1719/1516 1282/1854/1537 1283/1855/1538
f 993/1514/1499 1162/1720/1496 1161/1719/1516 1003/1525/1519
f 983/1494/1463 1163/1721/1456 1162/1720/1496 993/1514/1499
f 973/1491/1462 1158/1716/1457 1163/1721/1456 983/1494/1463
f 1022/1556/1559 1165/1724/1592 1164/1722/1493 972/1567/1458
f 1012/1545/1558 1166/1725/1593 1165/1724/1592 1022/1556/1559
f 1002/1534/1517 1167/1726/1534 1300/1872/1555 1281/1853/1536
f 992/1523/1497 1168/1727/1514 1167/1726/1534 1002/1534/1517
f 982/1512/1459 1169/1728/1492 1168/1727/1514 992/1523/1497
f 972/1511/1458 1164/1723/1493 1169/1728/1492 982/1512/1459
f 1025/1549/1571 1171/1731/1564 1170/1729/1465 975/1560/1470
f 1015/1538/1570 1172/1732/1565 1171/1731/1564 1025/1549/1571
f 1005/1527/1523 1173/1733/1520 1286/1858/1541 1287/1859/1542
f 995/1516/1503 1174/1734/1500 1173/1733/1520 1005/1527/1523
f 985/1498/1471 1175/1735/1464 1174/1734/1500 995/1516/1503
f 975/1497/1470 1170/1730/1465 1175/1735/1464 985/1498/1471
f 1026/1550/1575 1177/1738/1568 1176/1736/1469 976/1561/1474
f 1016/1539/1574 1178/1739/1569 1177/1738/1568 1026/1550/1575
f 1006/1528/1525 1179/1740/1522 1288/1860/1543 1289/1861/1544
f 996/1517/1505 1180/1741/1502 1179/1740/1522 1006/1528/1525
f 986/1500/1475 1181/1742/1468 1180/1741/1502 996/1517/1505
f 976/1499/1474 1176/1737/1469 1181/1742/1468 986/1500/1475
f 1027/1551/1579 1183/1745/1572 1182/1743/1473 977/1562/1478
f 1017/1540/1578 1184/1746/1573 1183/1745/1572 1027/1551/1579
f 1007/1529/1527 1185/1747/1524 1290/1862/1545 1291/1863/1546
f 997/1518/1507 1186/1748/1504 1185/1747/1524 1007/1529/1527
f 987/1502/1479 1187/1749/1472 1186/1748/1504 997/1518/1507
f 977/1501/1478 1182/1744/1473 1187/1749/1472 987/1502/1479
f 1028/1552/1583 1189/1752/1576 1188/1750/1477 978/1563/1482
f 1018/1541/1582 1190/1753/1577 1189/1752/1576 1028/1552/1583
f 1008/1530/1529 1191/1754/1526 1292/1864/1547 1293/1865/1548
f 998/1519/1509 1192/1755/1506 1191/1754/1526 1008/1530/1529
f 988/1504/1483 1193/1756/1476 1192/1755/1506 998/1519/1509
f 978/1503/1482 1188/1751/1477 1193/1756/1476 988/1504/1483
f 1029/1553/1587 1195/1759/1580 1194/1757/1481 979/1564/1486
f 1019/1542/1586 1196/1760/1581 1195/1759/1580 1029/1553/1587
f 1009/1531/1531 1197/1761/1528 1294/1866/1549 1295/1867/1550
f 999/1520/1511 1198/1762/1508 1197/1761/1528 1009/1531/1531
f 989/1506/1487 1199/1763/1480 1198/1762/1508 999/1520/1511
f 979/1505/1486 1194/1758/1481 1199/1763/1480 989/1506/1487
s 1
f 84/103/214 1201/1766/213 1200/1764/63 11/23/64
f 72/90/188 1202/1767/186 1201/1766/213 84/103/214
f 1203/1768/187 1202/1767/186 72/90/188 171/215/191
f 202/214/439 1204/1769/436 1203/1768/187 171/215/191
f 1205/1770/437 1204/1769/436 202/214/439 201/204/438
f 1206/1771/359 1205/1770/437 201/204/438 136/207/356
f 60/77/100 1207/1772/97 1206/1771/359 136/207/356
f 1208/1773/98 1207/1772/97 60/77/100 338/417/103
f 1209/1774/692 1208/1773/98 338/417/103 328/406/689
f 1210/1775/383 1209/1774/692 328/406/689 148/161/380
f 36/51/328 1211/1776/327 1210/1775/383 148/161/380
f 120/142/37 1212/1777/35 1211/1776/327 36/51/328
f 1213/1778/36 1212/1777/35 120/142/37 159/173/40
f 1214/1779/349 1213/1778/36 159/173/40 40/56/350
f 132/155/112 1215/1780/117 1214/1779/349 40/56/350
f 1216/1781/118 1215/1780/117 132/155/112 243/290/115
f 1217/1782/227 1216/1781/118 243/290/115 88/108/222
f 1218/1783/228 1217/1782/227 88/108/222 231/277/225
f 1219/1784/514 1218/1783/228 231/277/225 100/121/513
s 44
f 1220/1785/272 1219/1784/271 100/121/1596 219/264/1597
f 23/36/1598 1221/1787/490 1220/1785/272 219/264/1597
s 55
f 215/256/481 1222/1789/477 1221/1786/476 23/255/478
s 64
f 263/321/571 1223/1790/567 1222/1788/566 215/320/568
f 275/336/595 1224/1791/593 1223/1790/567 263/321/571
f 287/349/617 1225/1792/615 1224/1791/593 275/336/595
f 299/362/639 1226/1793/637 1225/1792/615 287/349/617
f 311/375/661 1227/1794/659 1226/1793/637 299/362/639
f 323/388/683 1228/1795/681 1227/1794/659 311/375/661
s 116
f 1031/1555/1595 1230/1798/1588 1229/1796/1489 981/1566/1494
f 1021/1544/1594 1231/1799/1589 1230/1798/1588 1031/1555/1595
f 1011/1533/1535 1232/1800/1532 1298/1870/1553 1299/1871/1554
f 1001/1522/1515 1233/1801/1512 1232/1800/1532 1011/1533/1535
f 991/1510/1495 1234/1802/1488 1233/1801/1512 1001/1522/1515
f 981/1509/1494 1229/1797/1489 1234/1802/1488 991/1510/1495
f 1030/1554/1591 1236/1805/1584 1235/1803/1485 980/1565/1490
f 1020/1543/1590 1237/1806/1585 1236/1805/1584 1030/1554/1591
f 1010/1532/1533 1238/1807/1530 1296/1868/1551 1297/1869/1552
f 1000/1521/1513 1239/1808/1510 1238/1807/1530 1010/1532/1533
f 990/1508/1491 1240/1809/1484 1239/1808/1510 1000/1521/1513
f 980/1507/1490 1235/1804/1485 1240/1809/1484 990/1508/1491
s 80
f 1040/1578/1277 1242/1812/1257 1241/1810/1256 892/1381/1278
f 1243/1813/1258 1242/1812/1257 1040/1578/1277 893/1382/1282
f 1046/1585/1281 1244/1814/1259 1243/1813/1258 893/1382/1282
f 1245/1815/1260 1244/1814/1259 1046/1585/1281 894/1383/1286
f 1052/1592/1285 1246/1816/1261 1245/1815/1260 894/1383/1286
f 1247/1817/1262 1246/1816/1261 1052/1592/1285 895/1384/1290
f 1058/1599/1289 1248/1818/1263 1247/1817/1262 895/1384/1290
f 1249/1819/1264 1248/1818/1263 1058/1599/1289 896/1385/1294
f 1088/1634/1293 1250/1820/1265 1249/1819/1264 896/1385/1294
f 1251/1821/1266 1250/1820/1265 1088/1634/1293 897/1386/1298
f 1082/1627/1297 1252/1822/1267 1251/1821/1266 897/1386/1298
f 1253/1823/1268 1252/1822/1267 1082/1627/1297 898/1387/1302
f 1076/1620/1301 1254/1824/1269 1253/1823/1268 898/1387/1302
f 1255/1825/1270 1254/1824/1269 1076/1620/1301 899/1388/1306
f 1070/1613/1305 1256/1826/1271 1255/1825/1270 899/1388/1306
f 1257/1827/1272 1256/1826/1271 1070/1613/1305 900/1389/1310
f 1064/1606/1309 1258/1828/1273 1257/1827/1272 900/1389/1310
f 1259/1829/1274 1258/1828/1273 1064/1606/1309 901/1390/1314
f 1034/1571/1313 1260/1830/1275 1259/1829/1274 901/1390/1314
f 1241/1811/1256 1260/1830/1275 1034/1571/1313 892/1391/1278
s 98
f 1100/1648/1417 1262/1833/1397 1261/1831/1396 952/1458/1418
f 1263/1834/1398 1262/1833/1397 1100/1648/1417 953/1459/1422
f 1094/1641/1421 1264/1835/1399 1263/1834/1398 953/1459/1422
f 1265/1836/1400 1264/1835/1399 1094/1641/1421 954/1460/1426
f 1112/1662/1425 1266/1837/1401 1265/1836/1400 954/1460/1426
f 1267/1838/1402 1266/1837/1401 1112/1662/1425 955/1461/1430
f 1118/1669/1429 1268/1839/1403 1267/1838/1402 955/1461/1430
f 1269/1840/1404 1268/1839/1403 1118/1669/1429 956/1462/1434
f 1124/1676/1433 1270/1841/1405 1269/1840/1404 956/1462/1434
f 1271/1842/1406 1270/1841/1405 1124/1676/1433 957/1463/1438
f 1130/1683/1437 1272/1843/1407 1271/1842/1406 957/1463/1438
f 1273/1844/1408 1272/1843/1407 1130/1683/1437 958/1464/1442
f 1136/1690/1441 1274/1845/1409 1273/1844/1408 958/1464/1442
f 1275/1846/1410 1274/1845/1409 1136/1690/1441 959/1465/1446
f 1142/1697/1445 1276/1847/1411 1275/1846/1410 959/1465/1446
f 1277/1848/1412 1276/1847/1411 1142/1697/1445 960/1466/1450
f 1148/1704/1449 1278/1849/1413 1277/1848/1412 960/1466/1450
f 1279/1850/1414 1278/1849/1413 1148/1704/1449 961/1467/1454
f 1106/1655/1453 1280/1851/1415 1279/1850/1414 961/1467/1454
f 1261/1832/1396 1280/1851/1415 1106/1655/1453 952/1468/1418
s 116
f 1160/1718/1557 1282/1854/1537 1281/1852/1536 1012/1535/1558
f 1283/1855/1538 1282/1854/1537 1160/1718/1557 1013/1536/1562
f 1154/1711/1561 1284/1856/1539 1283/1855/1538 1013/1536/1562
f 1285/1857/1540 1284/1856/1539 1154/1711/1561 1014/1537/1566
f 1172/1732/1565 1286/1858/1541 1285/1857/1540 1014/1537/1566
f 1287/1859/1542 1286/1858/1541 1172/1732/1565 1015/1538/1570
f 1178/1739/1569 1288/1860/1543 1287/1859/1542 1015/1538/1570
f 1289/1861/1544 1288/1860/1543 1178/1739/1569 1016/1539/1574
f 1184/1746/1573 1290/1862/1545 1289/1861/1544 1016/1539/1574
f 1291/1863/1546 1290/1862/1545 1184/1746/1573 1017/1540/1578
f 1190/1753/1577 1292/1864/1547 1291/1863/1546 1017/1540/1578
f 1293/1865/1548 1292/1864/1547 1190/1753/1577 1018/1541/1582
f 1196/1760/1581 1294/1866/1549 1293/1865/1548 1018/1541/1582
f 1295/1867/1550 1294/1866/1549 1196/1760/1581 1019/1542/1586
f 1237/1806/1585 1296/1868/1551 1295/1867/1550 1019/1542/1586
f 1297/1869/1552 1296/1868/1551 1237/1806/1585 1020/1543/1590
f 1231/1799/1589 1298/1870/1553 1297/1869/1552 1020/1543/1590
f 1299/1871/1554 1298/1870/1553 1231/1799/1589 1021/1544/1594
f 1166/1725/1593 1300/1872/1555 1299/1871/1554 1021/1544/1594
f 1281/1853/1536 1300/1872/1555 1166/1725/1593 1012/1545/1558
s 1
f 1302/1875/215 1301/1873/66 12/24/65 85/104/216
f 1303/1876/189 1302/1875/215 85/104/216 73/91/192
f 1304/1877/190 1303/1876/189 73/91/192 170/213/195
f 1305/1878/440 1304/1877/190 170/213/195 204/212/405
f 1306/1879/441 1305/1878/440 204/212/405 203/206/404
f 1307/1880/357 1306/1879/441 203/206/404 135/209/354
f 1308/1881/101 1307/1880/357 135/209/354 61/78/104
f 1309/1882/102 1308/1881/101 61/78/104 337/416/107
f 1310/1883/690 1309/1882/102 337/416/107 327/405/687
f 1311/1884/381 1310/1883/690 327/405/687 147/160/378
f 1312/1885/329 1311/1884/381 147/160/378 37/52/330
f 1313/1886/38 1312/1885/329 37/52/330 121/143/41
f 1314/1887/39 1313/1886/38 121/143/41 158/172/44
f 1315/1888/351 1314/1887/39 158/172/44 39/55/352
f 1316/1889/113 1315/1888/351 39/55/352 133/156/108
f 1317/1890/114 1316/1889/113 133/156/108 242/289/111
f 1318/1891/223 1317/1890/114 242/289/111 87/107/218
f 1319/1892/224 1318/1891/223 87/107/218 230/276/221
f 1320/1893/512 1319/1892/224 230/276/221 99/120/511
s 43
f 1321/1894/268 1320/1893/267 99/120/1599 218/263/1600
f 1322/1896/488 1321/1894/268 218/263/1600 24/37/1601
s 55
f 1323/1898/480 1322/1895/479 24/257/482 216/258/485
s 64
f 1324/1899/570 1323/1897/569 216/322/572 264/323/575
f 1325/1900/594 1324/1899/570 264/323/575 276/337/597
f 1326/1901/616 1325/1900/594 276/337/597 288/350/619
f 1327/1902/638 1326/1901/616 288/350/619 300/363/641
f 1328/1903/660 1327/1902/638 300/363/641 312/376/663
f 1329/1904/682 1328/1903/660 312/376/663 324/389/685
s 1
f 1331/1907/217 1330/1905/67 1/25/47 74/92/196
f 1332/1908/193 1331/1907/217 74/92/196 62/79/152
f 1333/1909/194 1332/1908/193 62/79/152 169/210/155
f 1334/1911/402 1333/1909/194 169/210/155 182/211/399
f 182/185/399 181/208/398 1335/1912/403 1334/1910/402
f 1336/1913/355 1335/1912/403 181/208/398 134/157/376
f 1337/1914/105 1336/1913/355 134/157/376 50/66/68
f 1338/1915/106 1337/1914/105 50/66/68 336/414/71
f 1339/1916/688 1338/1915/106 336/414/71 326/403/703
f 1340/1917/379 1339/1916/688 326/403/703 146/158/396
f 1341/1918/331 1340/1917/379 146/158/396 26/40/310
f 1342/1919/42 1341/1918/331 26/40/310 110/131/1
f 1343/1920/43 1342/1919/42 110/131/1 157/170/4
f 1344/1921/353 1343/1920/43 157/170/4 38/53/332
f 1345/1922/109 1344/1921/353 38/53/332 122/144/148
f 1346/1923/110 1345/1922/109 122/144/148 241/287/151
f 1347/1924/219 1346/1923/110 241/287/151 86/105/258
f 1348/1925/220 1347/1924/219 86/105/258 229/274/261
f 1349/1926/510 1348/1925/220 229/274/261 98/118/531
s 42
f 1350/1927/264 1349/1926/263 98/118/1602 217/261/1603
f 1351/1929/486 1350/1927/264 217/261/1603 13/38/1604
s 55
f 1352/1931/484 1351/1928/483 13/259/442 205/260/445
s 64
f 1353/1932/574 1352/1930/573 205/324/532 253/325/535
f 1354/1933/596 1353/1932/574 253/325/535 265/338/577
f 1355/1934/618 1354/1933/596 265/338/577 277/351/599
f 1356/1935/640 1355/1934/618 277/351/599 289/364/621
f 1357/1936/662 1356/1935/640 289/364/621 301/377/643
f 1358/1937/684 1357/1936/662 301/377/643 313/390/665
s 1
f 1360/1940/197 1359/1938/46 2/14/45 75/94/198
f 1361/1941/153 1360/1940/197 75/94/198 63/81/156
f 1362/1942/154 1361/1941/153 63/81/156 180/233/159
f 1363/1943/400 1362/1942/154 180/233/159 184/232/407
f 1364/1944/401 1363/1943/400 184/232/407 183/186/406
f 1365/1945/377 1364/1944/401 183/186/406 145/189/374
f 1366/1946/69 1365/1945/377 145/189/374 51/68/72
f 1367/1947/70 1366/1946/69 51/68/72 346/425/75
f 1368/1948/704 1367/1947/70 346/425/75 335/413/701
f 1369/1949/397 1368/1948/704 335/413/701 156/169/394
f 1370/1950/311 1369/1949/397 156/169/394 27/42/312
f 1371/1951/2 1370/1950/311 27/42/312 111/133/5
f 1372/1952/3 1371/1951/2 111/133/5 168/182/8
f 1373/1953/333 1372/1952/3 168/182/8 49/65/334
f 1374/1954/149 1373/1953/333 49/65/334 123/146/144
f 1375/1955/150 1374/1954/149 123/146/144 252/299/147
f 1376/1956/259 1375/1955/150 252/299/147 97/117/254
f 1377/1957/260 1376/1956/259 97/117/254 240/286/257
f 1378/1958/530 1377/1957/260 240/286/257 109/130/529
s 53
f 1379/1959/308 1378/1958/307 109/130/1605 228/273/1606
f 1380/1961/508 1379/1959/308 228/273/1606 14/27/1607
s 55
f 1381/1963/444 1380/1960/443 14/236/446 206/237/449
s 64
f 1382/1964/534 1381/1962/533 206/301/536 254/302/539
f 1383/1965/576 1382/1964/534 254/302/539 266/326/579
f 1384/1966/598 1383/1965/576 266/326/579 278/339/601
f 1385/1967/620 1384/1966/598 278/339/601 290/352/623
f 1386/1968/642 1385/1967/620 290/352/623 302/365/645
f 1387/1969/664 1386/1968/642 302/365/645 314/378/667
s 1
f 1389/1972/203 1388/1970/54 5/17/53 78/97/204
f 1390/1973/165 1389/1972/203 78/97/204 66/84/168
f 1391/1974/166 1390/1973/165 66/84/168 177/227/171
f 1392/1975/416 1391/1974/166 177/227/171 190/226/419
f 1393/1976/417 1392/1975/416 190/226/419 189/192/418
f 1394/1977/371 1393/1976/417 189/192/418 142/195/368
f 1395/1978/81 1394/1977/371 142/195/368 54/71/84
f 1396/1979/82 1395/1978/81 54/71/84 343/422/87
f 1397/1980/700 1396/1979/82 343/422/87 333/411/697
f 1398/1981/391 1397/1980/700 333/411/697 153/166/388
f 1399/1982/317 1398/1981/391 153/166/388 30/45/318
f 1400/1983/14 1399/1982/317 30/45/318 114/136/17
f 1401/1984/15 1400/1983/14 114/136/17 165/179/20
f 1402/1985/339 1401/1984/15 165/179/20 46/62/340
f 1403/1986/137 1402/1985/339 46/62/340 126/149/132
f 1404/1987/138 1403/1986/137 126/149/132 249/296/135
f 1405/1988/247 1404/1987/138 249/296/135 94/114/242
f 1406/1989/248 1405/1988/247 94/114/242 237/283/245
f 1407/1990/524 1406/1989/248 237/283/245 106/127/523
s 50
f 1408/1991/296 1407/1990/295 106/127/1608 225/270/1609
f 1409/1993/502 1408/1991/296 225/270/1609 17/30/1610
s 55
f 1410/1995/456 1409/1992/455 17/243/458 209/244/461
s 64
f 1411/1996/546 1410/1994/545 209/308/548 257/309/551
f 1412/1997/582 1411/1996/546 257/309/551 269/330/585
f 1413/1998/604 1412/1997/582 269/330/585 281/343/607
f 1414/1999/626 1413/1998/604 281/343/607 293/356/629
f 1415/2000/648 1414/1999/626 293/356/629 305/369/651
f 1416/2001/670 1415/2000/648 305/369/651 317/382/673
s 1
f 1418/2004/205 1417/2002/56 6/18/55 79/98/206
f 1419/2005/169 1418/2004/205 79/98/206 67/85/172
f 1420/2006/170 1419/2005/169 67/85/172 176/225/175
f 1421/2007/420 1420/2006/170 176/225/175 192/224/423
f 1422/2008/421 1421/2007/420 192/224/423 191/194/422
f 1423/2009/369 1422/2008/421 191/194/422 141/197/366
f 1424/2010/85 1423/2009/369 141/197/366 55/72/88
f 1425/2011/86 1424/2010/85 55/72/88 342/421/91
f 1426/2012/698 1425/2011/86 342/421/91 332/410/695
f 1427/2013/389 1426/2012/698 332/410/695 152/165/386
f 1428/2014/319 1427/2013/389 152/165/386 31/46/320
f 1429/2015/18 1428/2014/319 31/46/320 115/137/21
f 1430/2016/19 1429/2015/18 115/137/21 164/178/24
f 1431/2017/341 1430/2016/19 164/178/24 45/61/342
f 1432/2018/133 1431/2017/341 45/61/342 127/150/128
f 1433/2019/134 1432/2018/133 127/150/128 248/295/131
f 1434/2020/243 1433/2019/134 248/295/131 93/113/238
f 1435/2021/244 1434/2020/243 93/113/238 236/282/241
f 1436/2022/522 1435/2021/244 236/282/241 105/126/521
s 49
f 1437/2023/292 1436/2022/291 105/126/1611 224/269/1612
f 1438/2025/500 1437/2023/292 224/269/1612 18/31/1613
s 55
f 1439/2027/460 1438/2024/459 18/245/462 210/246/465
s 64
f 1440/2028/550 1439/2026/549 210/310/552 258/311/555
f 1441/2029/584 1440/2028/550 258/311/555 270/331/587
f 1442/2030/606 1441/2029/584 270/331/587 282/344/609
f 1443/2031/628 1442/2030/606 282/344/609 294/357/631
f 1444/2032/650 1443/2031/628 294/357/631 306/370/653
f 1445/2033/672 1444/2032/650 306/370/653 318/383/675
s 1
f 1447/2036/207 1446/2034/58 7/19/57 80/99/208
f 1448/2037/173 1447/2036/207 80/99/208 68/86/176
f 1449/2038/174 1448/2037/173 68/86/176 175/223/179
f 1450/2039/424 1449/2038/174 175/223/179 194/222/427
f 1451/2040/425 1450/2039/424 194/222/427 193/196/426
f 1452/2041/367 1451/2040/425 193/196/426 140/199/364
f 1453/2042/89 1452/2041/367 140/199/364 56/73/92
f 1454/2043/90 1453/2042/89 56/73/92 341/420/95
f 1455/2044/696 1454/2043/90 341/420/95 331/409/693
f 1456/2045/387 1455/2044/696 331/409/693 151/164/384
f 1457/2046/321 1456/2045/387 151/164/384 32/47/322
f 1458/2047/22 1457/2046/321 32/47/322 116/138/25
f 1459/2048/23 1458/2047/22 116/138/25 163/177/28
f 1460/2049/343 1459/2048/23 163/177/28 44/60/344
f 1461/2050/129 1460/2049/343 44/60/344 128/151/124
f 1462/2051/130 1461/2050/129 128/151/124 247/294/127
f 1463/2052/239 1462/2051/130 247/294/127 92/112/234
f 1464/2053/240 1463/2052/239 92/112/234 235/281/237
f 1465/2054/520 1464/2053/240 235/281/237 104/125/519
s 48
f 1466/2055/288 1465/2054/287 104/125/1614 223/268/1615
f 1467/2057/498 1466/2055/288 223/268/1615 19/32/1616
s 55
f 1468/2059/464 1467/2056/463 19/247/466 211/248/469
s 64
f 1469/2060/554 1468/2058/553 211/312/556 259/313/559
f 1470/2061/586 1469/2060/554 259/313/559 271/332/589
f 1471/2062/608 1470/2061/586 271/332/589 283/345/611
f 1472/2063/630 1471/2062/608 283/345/611 295/358/633
f 1473/2064/652 1472/2063/630 295/358/633 307/371/655
f 1474/2065/674 1473/2064/652 307/371/655 319/384/677
s 134
f 1476/2068/1617 1475/2066/1618 405/507/1619 412/505/1620
f 1477/2069/1621 1476/2068/1617 412/505/1620 411/503/1622
f 1478/2070/1623 1477/2069/1621 411/503/1622 410/501/1624
f 1479/2071/1625 1478/2070/1623 410/501/1624 409/499/1626
f 1480/2072/1627 1479/2071/1625 409/499/1626 408/497/1628
f 1481/2073/1629 1480/2072/1627 408/497/1628 407/495/1630
f 1482/2074/1631 1481/2073/1629 407/495/1630 406/492/1632
f 1475/2067/1618 1482/2074/1631 406/492/1632 405/493/1619
